file,line,type,commit,author,date,time,timezone,datetime,depth,length
style.css,1,css,00cef6ff,danielbirman28,2025-01-17,11:47:25,-08:00,2025-01-17T11:47:25-08:00,0,6
style.css,2,css,12b85f4d,danielbirman28,2025-01-24,16:04:22,-08:00,2025-01-24T16:04:22-08:00,0,34
style.css,3,css,12b85f4d,danielbirman28,2025-01-24,16:04:22,-08:00,2025-01-24T16:04:22-08:00,0,24
style.css,4,css,00cef6ff,danielbirman28,2025-01-17,11:47:25,-08:00,2025-01-17T11:47:25-08:00,0,0
style.css,5,css,00cef6ff,danielbirman28,2025-01-17,11:47:25,-08:00,2025-01-17T11:47:25-08:00,0,0
style.css,6,css,00cef6ff,danielbirman28,2025-01-17,11:47:25,-08:00,2025-01-17T11:47:25-08:00,0,5
style.css,7,css,00cef6ff,danielbirman28,2025-01-17,11:47:25,-08:00,2025-01-17T11:47:25-08:00,0,33
style.css,8,css,00cef6ff,danielbirman28,2025-01-17,11:47:25,-08:00,2025-01-17T11:47:25-08:00,0,0
style.css,9,css,00cef6ff,danielbirman28,2025-01-17,11:47:25,-08:00,2025-01-17T11:47:25-08:00,0,0
style.css,10,css,dab52732,danielbirman28,2025-01-09,18:18:43,-08:00,2025-01-09T18:18:43-08:00,0,5
style.css,11,css,00cef6ff,danielbirman28,2025-01-17,11:47:25,-08:00,2025-01-17T11:47:25-08:00,0,44
style.css,12,css,00cef6ff,danielbirman28,2025-01-17,11:47:25,-08:00,2025-01-17T11:47:25-08:00,0,46
style.css,13,css,00cef6ff,danielbirman28,2025-01-17,11:47:25,-08:00,2025-01-17T11:47:25-08:00,0,24
style.css,14,css,00cef6ff,danielbirman28,2025-01-17,11:47:25,-08:00,2025-01-17T11:47:25-08:00,0,16
style.css,15,css,00cef6ff,danielbirman28,2025-01-17,11:47:25,-08:00,2025-01-17T11:47:25-08:00,0,43
style.css,16,css,00cef6ff,danielbirman28,2025-01-17,11:47:25,-08:00,2025-01-17T11:47:25-08:00,0,0
style.css,17,css,00cef6ff,danielbirman28,2025-01-17,11:47:25,-08:00,2025-01-17T11:47:25-08:00,0,0
style.css,18,css,00cef6ff,danielbirman28,2025-01-17,11:47:25,-08:00,2025-01-17T11:47:25-08:00,0,4
style.css,19,css,12b85f4d,danielbirman28,2025-01-24,16:04:22,-08:00,2025-01-24T16:04:22-08:00,0,40
style.css,20,css,00cef6ff,danielbirman28,2025-01-17,11:47:25,-08:00,2025-01-17T11:47:25-08:00,0,13
style.css,21,css,00cef6ff,danielbirman28,2025-01-17,11:47:25,-08:00,2025-01-17T11:47:25-08:00,0,20
style.css,22,css,00cef6ff,danielbirman28,2025-01-17,11:47:25,-08:00,2025-01-17T11:47:25-08:00,0,24
style.css,23,css,00cef6ff,danielbirman28,2025-01-17,11:47:25,-08:00,2025-01-17T11:47:25-08:00,0,26
style.css,24,css,12b85f4d,danielbirman28,2025-01-24,16:04:22,-08:00,2025-01-24T16:04:22-08:00,0,44
style.css,25,css,12b85f4d,danielbirman28,2025-01-24,16:04:22,-08:00,2025-01-24T16:04:22-08:00,0,40
style.css,26,css,12b85f4d,danielbirman28,2025-01-24,16:04:22,-08:00,2025-01-24T16:04:22-08:00,0,59
style.css,27,css,00cef6ff,danielbirman28,2025-01-17,11:47:25,-08:00,2025-01-17T11:47:25-08:00,0,0
style.css,28,css,00cef6ff,danielbirman28,2025-01-17,11:47:25,-08:00,2025-01-17T11:47:25-08:00,0,0
style.css,29,css,00cef6ff,danielbirman28,2025-01-17,11:47:25,-08:00,2025-01-17T11:47:25-08:00,0,7
style.css,30,css,00cef6ff,danielbirman28,2025-01-17,11:47:25,-08:00,2025-01-17T11:47:25-08:00,0,17
style.css,31,css,00cef6ff,danielbirman28,2025-01-17,11:47:25,-08:00,2025-01-17T11:47:25-08:00,0,0
style.css,32,css,00cef6ff,danielbirman28,2025-01-17,11:47:25,-08:00,2025-01-17T11:47:25-08:00,0,0
style.css,33,css,00cef6ff,danielbirman28,2025-01-17,11:47:25,-08:00,2025-01-17T11:47:25-08:00,0,7
style.css,34,css,00cef6ff,danielbirman28,2025-01-17,11:47:25,-08:00,2025-01-17T11:47:25-08:00,0,17
style.css,35,css,00cef6ff,danielbirman28,2025-01-17,11:47:25,-08:00,2025-01-17T11:47:25-08:00,0,0
style.css,36,css,00cef6ff,danielbirman28,2025-01-17,11:47:25,-08:00,2025-01-17T11:47:25-08:00,0,0
style.css,37,css,00cef6ff,danielbirman28,2025-01-17,11:47:25,-08:00,2025-01-17T11:47:25-08:00,0,6
style.css,38,css,00cef6ff,danielbirman28,2025-01-17,11:47:25,-08:00,2025-01-17T11:47:25-08:00,0,7
style.css,39,css,00cef6ff,danielbirman28,2025-01-17,11:47:25,-08:00,2025-01-17T11:47:25-08:00,0,21
style.css,40,css,00cef6ff,danielbirman28,2025-01-17,11:47:25,-08:00,2025-01-17T11:47:25-08:00,0,14
style.css,41,css,00cef6ff,danielbirman28,2025-01-17,11:47:25,-08:00,2025-01-17T11:47:25-08:00,0,18
style.css,42,css,00cef6ff,danielbirman28,2025-01-17,11:47:25,-08:00,2025-01-17T11:47:25-08:00,0,14
style.css,43,css,00cef6ff,danielbirman28,2025-01-17,11:47:25,-08:00,2025-01-17T11:47:25-08:00,0,0
style.css,44,css,00cef6ff,danielbirman28,2025-01-17,11:47:25,-08:00,2025-01-17T11:47:25-08:00,0,0
style.css,45,css,00cef6ff,danielbirman28,2025-01-17,11:47:25,-08:00,2025-01-17T11:47:25-08:00,0,14
style.css,46,css,00cef6ff,danielbirman28,2025-01-17,11:47:25,-08:00,2025-01-17T11:47:25-08:00,0,26
style.css,47,css,00cef6ff,danielbirman28,2025-01-17,11:47:25,-08:00,2025-01-17T11:47:25-08:00,0,26
style.css,48,css,00cef6ff,danielbirman28,2025-01-17,11:47:25,-08:00,2025-01-17T11:47:25-08:00,0,40
style.css,49,css,00cef6ff,danielbirman28,2025-01-17,11:47:25,-08:00,2025-01-17T11:47:25-08:00,0,21
style.css,50,css,00cef6ff,danielbirman28,2025-01-17,11:47:25,-08:00,2025-01-17T11:47:25-08:00,0,0
style.css,51,css,00cef6ff,danielbirman28,2025-01-17,11:47:25,-08:00,2025-01-17T11:47:25-08:00,0,0
style.css,52,css,00cef6ff,danielbirman28,2025-01-17,11:47:25,-08:00,2025-01-17T11:47:25-08:00,0,12
style.css,53,css,00cef6ff,danielbirman28,2025-01-17,11:47:25,-08:00,2025-01-17T11:47:25-08:00,0,26
style.css,54,css,00cef6ff,danielbirman28,2025-01-17,11:47:25,-08:00,2025-01-17T11:47:25-08:00,0,40
style.css,55,css,1b72bf02,danielbirman28,2025-01-24,21:16:04,-08:00,2025-01-24T21:16:04-08:00,0,41
style.css,56,css,1b72bf02,danielbirman28,2025-01-24,21:16:04,-08:00,2025-01-24T21:16:04-08:00,0,41
style.css,57,css,12b85f4d,danielbirman28,2025-01-24,16:04:22,-08:00,2025-01-24T16:04:22-08:00,0,76
style.css,58,css,1b72bf02,danielbirman28,2025-01-24,21:16:04,-08:00,2025-01-24T21:16:04-08:00,0,42
style.css,59,css,00cef6ff,danielbirman28,2025-01-17,11:47:25,-08:00,2025-01-17T11:47:25-08:00,0,0
style.css,60,css,00cef6ff,danielbirman28,2025-01-17,11:47:25,-08:00,2025-01-17T11:47:25-08:00,0,0
style.css,61,css,00cef6ff,danielbirman28,2025-01-17,11:47:25,-08:00,2025-01-17T11:47:25-08:00,0,5
style.css,62,css,00cef6ff,danielbirman28,2025-01-17,11:47:25,-08:00,2025-01-17T11:47:25-08:00,0,8
style.css,63,css,00cef6ff,danielbirman28,2025-01-17,11:47:25,-08:00,2025-01-17T11:47:25-08:00,0,7
style.css,64,css,b3f522fa,danielbirman28,2025-01-17,15:33:03,-08:00,2025-01-17T15:33:03-08:00,0,13
style.css,65,css,b3f522fa,danielbirman28,2025-01-17,15:33:03,-08:00,2025-01-17T15:33:03-08:00,0,0
style.css,66,css,b3f522fa,danielbirman28,2025-01-17,15:33:03,-08:00,2025-01-17T15:33:03-08:00,0,0
style.css,67,css,b3f522fa,danielbirman28,2025-01-17,15:33:03,-08:00,2025-01-17T15:33:03-08:00,0,13
style.css,68,css,b3f522fa,danielbirman28,2025-01-17,15:33:03,-08:00,2025-01-17T15:33:03-08:00,0,10
style.css,69,css,b3f522fa,danielbirman28,2025-01-17,15:33:03,-08:00,2025-01-17T15:33:03-08:00,0,13
style.css,70,css,b3f522fa,danielbirman28,2025-01-17,15:33:03,-08:00,2025-01-17T15:33:03-08:00,0,12
style.css,71,css,b3f522fa,danielbirman28,2025-01-17,15:33:03,-08:00,2025-01-17T15:33:03-08:00,0,14
style.css,72,css,b3f522fa,danielbirman28,2025-01-17,15:33:03,-08:00,2025-01-17T15:33:03-08:00,0,0
style.css,73,css,b3f522fa,danielbirman28,2025-01-17,15:33:03,-08:00,2025-01-17T15:33:03-08:00,0,0
style.css,74,css,b3f522fa,danielbirman28,2025-01-17,15:33:03,-08:00,2025-01-17T15:33:03-08:00,0,10
style.css,75,css,b3f522fa,danielbirman28,2025-01-17,15:33:03,-08:00,2025-01-17T15:33:03-08:00,0,14
style.css,76,css,b3f522fa,danielbirman28,2025-01-17,15:33:03,-08:00,2025-01-17T15:33:03-08:00,0,11
style.css,77,css,b3f522fa,danielbirman28,2025-01-17,15:33:03,-08:00,2025-01-17T15:33:03-08:00,0,22
style.css,78,css,b3f522fa,danielbirman28,2025-01-17,15:33:03,-08:00,2025-01-17T15:33:03-08:00,0,0
style.css,79,css,b3f522fa,danielbirman28,2025-01-17,15:33:03,-08:00,2025-01-17T15:33:03-08:00,0,0
style.css,80,css,b3f522fa,danielbirman28,2025-01-17,15:33:03,-08:00,2025-01-17T15:33:03-08:00,0,11
style.css,81,css,b3f522fa,danielbirman28,2025-01-17,15:33:03,-08:00,2025-01-17T15:33:03-08:00,0,19
style.css,82,css,b3f522fa,danielbirman28,2025-01-17,15:33:03,-08:00,2025-01-17T15:33:03-08:00,0,3
style.css,83,css,b3f522fa,danielbirman28,2025-01-17,15:33:03,-08:00,2025-01-17T15:33:03-08:00,0,0
style.css,84,css,b3f522fa,danielbirman28,2025-01-17,15:33:03,-08:00,2025-01-17T15:33:03-08:00,0,0
style.css,85,css,b3f522fa,danielbirman28,2025-01-17,15:33:03,-08:00,2025-01-17T15:33:03-08:00,0,5
style.css,86,css,b3f522fa,danielbirman28,2025-01-17,15:33:03,-08:00,2025-01-17T15:33:03-08:00,0,13
style.css,87,css,b3f522fa,danielbirman28,2025-01-17,15:33:03,-08:00,2025-01-17T15:33:03-08:00,0,31
style.css,88,css,b3f522fa,danielbirman28,2025-01-17,15:33:03,-08:00,2025-01-17T15:33:03-08:00,0,8
style.css,89,css,b3f522fa,danielbirman28,2025-01-17,15:33:03,-08:00,2025-01-17T15:33:03-08:00,0,0
style.css,90,css,b3f522fa,danielbirman28,2025-01-17,15:33:03,-08:00,2025-01-17T15:33:03-08:00,0,0
style.css,91,css,b3f522fa,danielbirman28,2025-01-17,15:33:03,-08:00,2025-01-17T15:33:03-08:00,0,11
style.css,92,css,b3f522fa,danielbirman28,2025-01-17,15:33:03,-08:00,2025-01-17T15:33:03-08:00,0,17
style.css,93,css,b3f522fa,danielbirman28,2025-01-17,15:33:03,-08:00,2025-01-17T15:33:03-08:00,0,13
style.css,94,css,b3f522fa,danielbirman28,2025-01-17,15:33:03,-08:00,2025-01-17T15:33:03-08:00,0,30
style.css,95,css,b3f522fa,danielbirman28,2025-01-17,15:33:03,-08:00,2025-01-17T15:33:03-08:00,0,19
style.css,96,css,b3f522fa,danielbirman28,2025-01-17,15:33:03,-08:00,2025-01-17T15:33:03-08:00,0,0
style.css,97,css,b3f522fa,danielbirman28,2025-01-17,15:33:03,-08:00,2025-01-17T15:33:03-08:00,0,0
style.css,98,css,b3f522fa,danielbirman28,2025-01-17,15:33:03,-08:00,2025-01-17T15:33:03-08:00,0,12
style.css,99,css,b3f522fa,danielbirman28,2025-01-17,15:33:03,-08:00,2025-01-17T15:33:03-08:00,0,19
style.css,100,css,00cef6ff,danielbirman28,2025-01-17,11:47:25,-08:00,2025-01-17T11:47:25-08:00,0,0
style.css,101,css,65593961,danielbirman28,2025-01-17,16:54:27,-08:00,2025-01-17T16:54:27-08:00,0,0
style.css,102,css,65593961,danielbirman28,2025-01-17,16:54:27,-08:00,2025-01-17T16:54:27-08:00,0,10
style.css,103,css,65593961,danielbirman28,2025-01-17,16:54:27,-08:00,2025-01-17T16:54:27-08:00,0,13
style.css,104,css,65593961,danielbirman28,2025-01-17,16:54:27,-08:00,2025-01-17T16:54:27-08:00,0,59
style.css,105,css,65593961,danielbirman28,2025-01-17,16:54:27,-08:00,2025-01-17T16:54:27-08:00,0,8
style.css,106,css,65593961,danielbirman28,2025-01-17,16:54:27,-08:00,2025-01-17T16:54:27-08:00,0,0
style.css,107,css,65593961,danielbirman28,2025-01-17,16:54:27,-08:00,2025-01-17T16:54:27-08:00,0,0
style.css,108,css,65593961,danielbirman28,2025-01-17,16:54:27,-08:00,2025-01-17T16:54:27-08:00,0,18
style.css,109,css,65593961,danielbirman28,2025-01-17,16:54:27,-08:00,2025-01-17T16:54:27-08:00,0,13
style.css,110,css,65593961,danielbirman28,2025-01-17,16:54:27,-08:00,2025-01-17T16:54:27-08:00,0,27
style.css,111,css,65593961,danielbirman28,2025-01-17,16:54:27,-08:00,2025-01-17T16:54:27-08:00,0,16
style.css,112,css,65593961,danielbirman28,2025-01-17,16:54:27,-08:00,2025-01-17T16:54:27-08:00,0,8
style.css,113,css,65593961,danielbirman28,2025-01-17,16:54:27,-08:00,2025-01-17T16:54:27-08:00,0,0
style.css,114,css,65593961,danielbirman28,2025-01-17,16:54:27,-08:00,2025-01-17T16:54:27-08:00,0,0
style.css,115,css,65593961,danielbirman28,2025-01-17,16:54:27,-08:00,2025-01-17T16:54:27-08:00,0,13
style.css,116,css,65593961,danielbirman28,2025-01-17,16:54:27,-08:00,2025-01-17T16:54:27-08:00,0,9
style.css,117,css,ed3500de,danielbirman28,2025-01-17,17:10:18,-08:00,2025-01-17T17:10:18-08:00,0,0
style.css,118,css,ed3500de,danielbirman28,2025-01-17,17:10:18,-08:00,2025-01-17T17:10:18-08:00,0,0
style.css,119,css,ed3500de,danielbirman28,2025-01-17,17:10:18,-08:00,2025-01-17T17:10:18-08:00,0,3
style.css,120,css,ed3500de,danielbirman28,2025-01-17,17:10:18,-08:00,2025-01-17T17:10:18-08:00,0,15
style.css,121,css,ed3500de,danielbirman28,2025-01-17,17:10:18,-08:00,2025-01-17T17:10:18-08:00,0,0
style.css,122,css,ed3500de,danielbirman28,2025-01-17,17:10:18,-08:00,2025-01-17T17:10:18-08:00,0,0
style.css,123,css,ed3500de,danielbirman28,2025-01-17,17:10:18,-08:00,2025-01-17T17:10:18-08:00,0,23
style.css,124,css,ed3500de,danielbirman28,2025-01-17,17:10:18,-08:00,2025-01-17T17:10:18-08:00,0,16
style.css,125,css,ed3500de,danielbirman28,2025-01-17,17:10:18,-08:00,2025-01-17T17:10:18-08:00,0,18
style.css,126,css,ed3500de,danielbirman28,2025-01-17,17:10:18,-08:00,2025-01-17T17:10:18-08:00,0,0
style.css,127,css,ed3500de,danielbirman28,2025-01-17,17:10:18,-08:00,2025-01-17T17:10:18-08:00,0,0
style.css,128,css,ed3500de,danielbirman28,2025-01-17,17:10:18,-08:00,2025-01-17T17:10:18-08:00,0,3
style.css,129,css,ed3500de,danielbirman28,2025-01-17,17:10:18,-08:00,2025-01-17T17:10:18-08:00,0,15
style.css,130,css,ed3500de,danielbirman28,2025-01-17,17:10:18,-08:00,2025-01-17T17:10:18-08:00,0,0
style.css,131,css,ed3500de,danielbirman28,2025-01-17,17:10:18,-08:00,2025-01-17T17:10:18-08:00,0,0
style.css,132,css,ed3500de,danielbirman28,2025-01-17,17:10:18,-08:00,2025-01-17T17:10:18-08:00,0,3
style.css,133,css,ed3500de,danielbirman28,2025-01-17,17:10:18,-08:00,2025-01-17T17:10:18-08:00,0,15
style.css,134,css,ed3500de,danielbirman28,2025-01-17,17:10:18,-08:00,2025-01-17T17:10:18-08:00,0,0
style.css,135,css,ed3500de,danielbirman28,2025-01-17,17:10:18,-08:00,2025-01-17T17:10:18-08:00,0,0
style.css,136,css,ed3500de,danielbirman28,2025-01-17,17:10:18,-08:00,2025-01-17T17:10:18-08:00,0,11
style.css,137,css,ed3500de,danielbirman28,2025-01-17,17:10:18,-08:00,2025-01-17T17:10:18-08:00,0,15
style.css,138,css,ed3500de,danielbirman28,2025-01-17,17:10:18,-08:00,2025-01-17T17:10:18-08:00,0,0
style.css,139,css,15e16a91,danielbirman28,2025-01-17,17:19:54,-08:00,2025-01-17T17:19:54-08:00,0,0
style.css,140,css,15e16a91,danielbirman28,2025-01-17,17:19:54,-08:00,2025-01-17T17:19:54-08:00,0,0
style.css,141,css,15e16a91,danielbirman28,2025-01-17,17:19:54,-08:00,2025-01-17T17:19:54-08:00,0,10
style.css,142,css,15e16a91,danielbirman28,2025-01-17,17:19:54,-08:00,2025-01-17T17:19:54-08:00,0,15
style.css,143,css,15e16a91,danielbirman28,2025-01-17,17:19:54,-08:00,2025-01-17T17:19:54-08:00,0,26
style.css,144,css,15e16a91,danielbirman28,2025-01-17,17:19:54,-08:00,2025-01-17T17:19:54-08:00,0,18
style.css,145,css,15e16a91,danielbirman28,2025-01-17,17:19:54,-08:00,2025-01-17T17:19:54-08:00,0,0
style.css,146,css,15e16a91,danielbirman28,2025-01-17,17:19:54,-08:00,2025-01-17T17:19:54-08:00,0,0
style.css,147,css,15e16a91,danielbirman28,2025-01-17,17:19:54,-08:00,2025-01-17T17:19:54-08:00,0,9
style.css,148,css,15e16a91,danielbirman28,2025-01-17,17:19:54,-08:00,2025-01-17T17:19:54-08:00,0,16
style.css,149,css,15e16a91,danielbirman28,2025-01-17,17:19:54,-08:00,2025-01-17T17:19:54-08:00,0,18
style.css,150,css,15e16a91,danielbirman28,2025-01-17,17:19:54,-08:00,2025-01-17T17:19:54-08:00,0,0
style.css,151,css,15e16a91,danielbirman28,2025-01-17,17:19:54,-08:00,2025-01-17T17:19:54-08:00,0,0
style.css,152,css,15e16a91,danielbirman28,2025-01-17,17:19:54,-08:00,2025-01-17T17:19:54-08:00,0,9
style.css,153,css,15e16a91,danielbirman28,2025-01-17,17:19:54,-08:00,2025-01-17T17:19:54-08:00,0,14
style.css,154,css,15e16a91,danielbirman28,2025-01-17,17:19:54,-08:00,2025-01-17T17:19:54-08:00,0,21
style.css,155,css,15e16a91,danielbirman28,2025-01-17,17:19:54,-08:00,2025-01-17T17:19:54-08:00,0,0
style.css,156,css,15e16a91,danielbirman28,2025-01-17,17:19:54,-08:00,2025-01-17T17:19:54-08:00,0,0
style.css,157,css,15e16a91,danielbirman28,2025-01-17,17:19:54,-08:00,2025-01-17T17:19:54-08:00,0,15
style.css,158,css,15e16a91,danielbirman28,2025-01-17,17:19:54,-08:00,2025-01-17T17:19:54-08:00,0,26
style.css,159,css,15e16a91,danielbirman28,2025-01-17,17:19:54,-08:00,2025-01-17T17:19:54-08:00,0,0
style.css,160,css,15e16a91,danielbirman28,2025-01-17,17:19:54,-08:00,2025-01-17T17:19:54-08:00,0,0
style.css,161,css,4d021a38,danielbirman28,2025-01-17,17:20:32,-08:00,2025-01-17T17:20:32-08:00,0,0
style.css,162,css,15e16a91,danielbirman28,2025-01-17,17:19:54,-08:00,2025-01-17T17:19:54-08:00,0,8
style.css,163,css,15e16a91,danielbirman28,2025-01-17,17:19:54,-08:00,2025-01-17T17:19:54-08:00,0,18
style.css,164,css,15e16a91,danielbirman28,2025-01-17,17:19:54,-08:00,2025-01-17T17:19:54-08:00,0,19
style.css,165,css,15e16a91,danielbirman28,2025-01-17,17:19:54,-08:00,2025-01-17T17:19:54-08:00,0,42
style.css,166,css,15e16a91,danielbirman28,2025-01-17,17:19:54,-08:00,2025-01-17T17:19:54-08:00,0,0
style.css,167,css,15e16a91,danielbirman28,2025-01-17,17:19:54,-08:00,2025-01-17T17:19:54-08:00,0,0
style.css,168,css,15e16a91,danielbirman28,2025-01-17,17:19:54,-08:00,2025-01-17T17:19:54-08:00,0,11
style.css,169,css,15e16a91,danielbirman28,2025-01-17,17:19:54,-08:00,2025-01-17T17:19:54-08:00,0,16
style.css,170,css,15e16a91,danielbirman28,2025-01-17,17:19:54,-08:00,2025-01-17T17:19:54-08:00,0,26
style.css,171,css,15e16a91,danielbirman28,2025-01-17,17:19:54,-08:00,2025-01-17T17:19:54-08:00,0,20
style.css,172,css,15e16a91,danielbirman28,2025-01-17,17:19:54,-08:00,2025-01-17T17:19:54-08:00,0,0
style.css,173,css,15e16a91,danielbirman28,2025-01-17,17:19:54,-08:00,2025-01-17T17:19:54-08:00,0,0
style.css,174,css,15e16a91,danielbirman28,2025-01-17,17:19:54,-08:00,2025-01-17T17:19:54-08:00,0,3
style.css,175,css,15e16a91,danielbirman28,2025-01-17,17:19:54,-08:00,2025-01-17T17:19:54-08:00,0,19
style.css,176,css,15e16a91,danielbirman28,2025-01-17,17:19:54,-08:00,2025-01-17T17:19:54-08:00,0,21
style.css,177,css,15e16a91,danielbirman28,2025-01-17,17:19:54,-08:00,2025-01-17T17:19:54-08:00,0,0
style.css,178,css,15e16a91,danielbirman28,2025-01-17,17:19:54,-08:00,2025-01-17T17:19:54-08:00,0,0
style.css,179,css,15e16a91,danielbirman28,2025-01-17,17:19:54,-08:00,2025-01-17T17:19:54-08:00,0,6
style.css,180,css,15e16a91,danielbirman28,2025-01-17,17:19:54,-08:00,2025-01-17T17:19:54-08:00,0,20
style.css,181,css,15e16a91,danielbirman28,2025-01-17,17:19:54,-08:00,2025-01-17T17:19:54-08:00,0,0
style.css,182,css,15e16a91,danielbirman28,2025-01-17,17:19:54,-08:00,2025-01-17T17:19:54-08:00,0,0
style.css,183,css,15e16a91,danielbirman28,2025-01-17,17:19:54,-08:00,2025-01-17T17:19:54-08:00,0,7
style.css,184,css,15e16a91,danielbirman28,2025-01-17,17:19:54,-08:00,2025-01-17T17:19:54-08:00,0,18
style.css,185,css,15e16a91,danielbirman28,2025-01-17,17:19:54,-08:00,2025-01-17T17:19:54-08:00,0,15
style.css,186,css,15e16a91,danielbirman28,2025-01-17,17:19:54,-08:00,2025-01-17T17:19:54-08:00,0,16
style.css,187,css,15e16a91,danielbirman28,2025-01-17,17:19:54,-08:00,2025-01-17T17:19:54-08:00,0,24
style.css,188,css,15e16a91,danielbirman28,2025-01-17,17:19:54,-08:00,2025-01-17T17:19:54-08:00,0,0
style.css,189,css,1b72bf02,danielbirman28,2025-01-24,21:16:04,-08:00,2025-01-24T21:16:04-08:00,0,0
style.css,190,css,1b72bf02,danielbirman28,2025-01-24,21:16:04,-08:00,2025-01-24T21:16:04-08:00,0,59
style.css,191,css,1b72bf02,danielbirman28,2025-01-24,21:16:04,-08:00,2025-01-24T21:16:04-08:00,0,14
style.css,192,css,1b72bf02,danielbirman28,2025-01-24,21:16:04,-08:00,2025-01-24T21:16:04-08:00,0,18
style.css,193,css,1b72bf02,danielbirman28,2025-01-24,21:16:04,-08:00,2025-01-24T21:16:04-08:00,0,9
style.css,194,css,1b72bf02,danielbirman28,2025-01-24,21:16:04,-08:00,2025-01-24T21:16:04-08:00,0,11
style.css,195,css,1b72bf02,danielbirman28,2025-01-24,21:16:04,-08:00,2025-01-24T21:16:04-08:00,0,14
style.css,196,css,1b72bf02,danielbirman28,2025-01-24,21:16:04,-08:00,2025-01-24T21:16:04-08:00,0,20
style.css,197,css,df88a751,danielbirman28,2025-02-07,21:32:18,-08:00,2025-02-07T21:32:18-08:00,0,0
style.css,198,css,df88a751,danielbirman28,2025-02-07,21:32:18,-08:00,2025-02-07T21:32:18-08:00,0,0
style.css,199,css,df88a751,danielbirman28,2025-02-07,21:32:18,-08:00,2025-02-07T21:32:18-08:00,0,20
style.css,200,css,df88a751,danielbirman28,2025-02-07,21:32:18,-08:00,2025-02-07T21:32:18-08:00,0,14
style.css,201,css,df88a751,danielbirman28,2025-02-07,21:32:18,-08:00,2025-02-07T21:32:18-08:00,0,31
style.css,202,css,df88a751,danielbirman28,2025-02-07,21:32:18,-08:00,2025-02-07T21:32:18-08:00,0,35
style.css,203,css,df88a751,danielbirman28,2025-02-07,21:32:18,-08:00,2025-02-07T21:32:18-08:00,0,15
style.css,204,css,df88a751,danielbirman28,2025-02-07,21:32:18,-08:00,2025-02-07T21:32:18-08:00,0,14
style.css,205,css,df88a751,danielbirman28,2025-02-07,21:32:18,-08:00,2025-02-07T21:32:18-08:00,0,17
style.css,206,css,df88a751,danielbirman28,2025-02-07,21:32:18,-08:00,2025-02-07T21:32:18-08:00,0,0
style.css,207,css,df88a751,danielbirman28,2025-02-07,21:32:18,-08:00,2025-02-07T21:32:18-08:00,0,0
style.css,208,css,df88a751,danielbirman28,2025-02-07,21:32:18,-08:00,2025-02-07T21:32:18-08:00,0,19
style.css,209,css,df88a751,danielbirman28,2025-02-07,21:32:18,-08:00,2025-02-07T21:32:18-08:00,0,15
style.css,210,css,df88a751,danielbirman28,2025-02-07,21:32:18,-08:00,2025-02-07T21:32:18-08:00,0,17
style.css,211,css,df88a751,danielbirman28,2025-02-07,21:32:18,-08:00,2025-02-07T21:32:18-08:00,0,17
style.css,212,css,df88a751,danielbirman28,2025-02-07,21:32:18,-08:00,2025-02-07T21:32:18-08:00,0,0
style.css,213,css,df88a751,danielbirman28,2025-02-07,21:32:18,-08:00,2025-02-07T21:32:18-08:00,0,0
style.css,214,css,df88a751,danielbirman28,2025-02-07,21:32:18,-08:00,2025-02-07T21:32:18-08:00,0,59
style.css,215,css,df88a751,danielbirman28,2025-02-07,21:32:18,-08:00,2025-02-07T21:32:18-08:00,0,11
style.css,216,css,df88a751,danielbirman28,2025-02-07,21:32:18,-08:00,2025-02-07T21:32:18-08:00,0,13
style.css,217,css,df88a751,danielbirman28,2025-02-07,21:32:18,-08:00,2025-02-07T21:32:18-08:00,0,77
style.css,218,css,df88a751,danielbirman28,2025-02-07,21:32:18,-08:00,2025-02-07T21:32:18-08:00,0,48
style.css,219,css,df88a751,danielbirman28,2025-02-07,21:32:18,-08:00,2025-02-07T21:32:18-08:00,0,55
style.css,220,css,df88a751,danielbirman28,2025-02-07,21:32:18,-08:00,2025-02-07T21:32:18-08:00,0,0
style.css,221,css,df88a751,danielbirman28,2025-02-07,21:32:18,-08:00,2025-02-07T21:32:18-08:00,0,0
style.css,222,css,df88a751,danielbirman28,2025-02-07,21:32:18,-08:00,2025-02-07T21:32:18-08:00,0,27
style.css,223,css,df88a751,danielbirman28,2025-02-07,21:32:18,-08:00,2025-02-07T21:32:18-08:00,0,8
style.css,224,css,df88a751,danielbirman28,2025-02-07,21:32:18,-08:00,2025-02-07T21:32:18-08:00,0,13
style.css,225,css,df88a751,danielbirman28,2025-02-07,21:32:18,-08:00,2025-02-07T21:32:18-08:00,0,94
style.css,226,css,df88a751,danielbirman28,2025-02-07,21:32:18,-08:00,2025-02-07T21:32:18-08:00,0,50
style.css,227,css,df88a751,danielbirman28,2025-02-07,21:32:18,-08:00,2025-02-07T21:32:18-08:00,0,13
style.css,228,css,df88a751,danielbirman28,2025-02-07,21:32:18,-08:00,2025-02-07T21:32:18-08:00,0,13
style.css,229,css,df88a751,danielbirman28,2025-02-07,21:32:18,-08:00,2025-02-07T21:32:18-08:00,0,22
style.css,230,css,df88a751,danielbirman28,2025-02-07,21:32:18,-08:00,2025-02-07T21:32:18-08:00,0,18
style.css,231,css,df88a751,danielbirman28,2025-02-07,21:32:18,-08:00,2025-02-07T21:32:18-08:00,0,25
style.css,232,css,df88a751,danielbirman28,2025-02-07,21:32:18,-08:00,2025-02-07T21:32:18-08:00,0,62
style.css,233,css,df88a751,danielbirman28,2025-02-07,21:32:18,-08:00,2025-02-07T21:32:18-08:00,0,0
style.css,234,css,df88a751,danielbirman28,2025-02-07,21:32:18,-08:00,2025-02-07T21:32:18-08:00,0,0
style.css,235,css,df88a751,danielbirman28,2025-02-07,21:32:18,-08:00,2025-02-07T21:32:18-08:00,0,13
style.css,236,css,df88a751,danielbirman28,2025-02-07,21:32:18,-08:00,2025-02-07T21:32:18-08:00,0,13
style.css,237,css,df88a751,danielbirman28,2025-02-07,21:32:18,-08:00,2025-02-07T21:32:18-08:00,0,19
style.css,238,css,df88a751,danielbirman28,2025-02-07,21:32:18,-08:00,2025-02-07T21:32:18-08:00,0,55
style.css,239,css,df88a751,danielbirman28,2025-02-07,21:32:18,-08:00,2025-02-07T21:32:18-08:00,0,0
style.css,240,css,df88a751,danielbirman28,2025-02-07,21:32:18,-08:00,2025-02-07T21:32:18-08:00,0,0
style.css,241,css,df88a751,danielbirman28,2025-02-07,21:32:18,-08:00,2025-02-07T21:32:18-08:00,0,16
style.css,242,css,df88a751,danielbirman28,2025-02-07,21:32:18,-08:00,2025-02-07T21:32:18-08:00,0,11
style.css,243,css,df88a751,danielbirman28,2025-02-07,21:32:18,-08:00,2025-02-07T21:32:18-08:00,0,12
style.css,244,css,df88a751,danielbirman28,2025-02-07,21:32:18,-08:00,2025-02-07T21:32:18-08:00,0,39
style.css,245,css,df88a751,danielbirman28,2025-02-07,21:32:18,-08:00,2025-02-07T21:32:18-08:00,0,21
style.css,246,css,df88a751,danielbirman28,2025-02-07,21:32:18,-08:00,2025-02-07T21:32:18-08:00,0,0
style.css,247,css,df88a751,danielbirman28,2025-02-07,21:32:18,-08:00,2025-02-07T21:32:18-08:00,0,0
style.css,248,css,df88a751,danielbirman28,2025-02-07,21:32:18,-08:00,2025-02-07T21:32:18-08:00,0,11
style.css,249,css,df88a751,danielbirman28,2025-02-07,21:32:18,-08:00,2025-02-07T21:32:18-08:00,0,19
style.css,250,css,df88a751,danielbirman28,2025-02-07,21:32:18,-08:00,2025-02-07T21:32:18-08:00,0,0
style.css,251,css,df88a751,danielbirman28,2025-02-07,21:32:18,-08:00,2025-02-07T21:32:18-08:00,0,0
style.css,252,css,df88a751,danielbirman28,2025-02-07,21:32:18,-08:00,2025-02-07T21:32:18-08:00,0,13
style.css,253,css,df88a751,danielbirman28,2025-02-07,21:32:18,-08:00,2025-02-07T21:32:18-08:00,0,15
style.css,254,css,df88a751,danielbirman28,2025-02-07,21:32:18,-08:00,2025-02-07T21:32:18-08:00,0,11
style.css,255,css,df88a751,danielbirman28,2025-02-07,21:32:18,-08:00,2025-02-07T21:32:18-08:00,0,0
style.css,256,css,df88a751,danielbirman28,2025-02-07,21:32:18,-08:00,2025-02-07T21:32:18-08:00,0,0
style.css,257,css,df88a751,danielbirman28,2025-02-07,21:32:18,-08:00,2025-02-07T21:32:18-08:00,0,31
style.css,258,css,df88a751,danielbirman28,2025-02-07,21:32:18,-08:00,2025-02-07T21:32:18-08:00,0,11
style.css,259,css,df88a751,danielbirman28,2025-02-07,21:32:18,-08:00,2025-02-07T21:32:18-08:00,0,11
style.css,260,css,df88a751,danielbirman28,2025-02-07,21:32:18,-08:00,2025-02-07T21:32:18-08:00,0,16
style.css,261,css,df88a751,danielbirman28,2025-02-07,21:32:18,-08:00,2025-02-07T21:32:18-08:00,0,14
style.css,262,css,df88a751,danielbirman28,2025-02-07,21:32:18,-08:00,2025-02-07T21:32:18-08:00,0,15
style.css,263,css,df88a751,danielbirman28,2025-02-07,21:32:18,-08:00,2025-02-07T21:32:18-08:00,0,22
style.css,264,css,df88a751,danielbirman28,2025-02-07,21:32:18,-08:00,2025-02-07T21:32:18-08:00,0,18
style.css,265,css,df88a751,danielbirman28,2025-02-07,21:32:18,-08:00,2025-02-07T21:32:18-08:00,0,19
style.css,266,css,df88a751,danielbirman28,2025-02-07,21:32:18,-08:00,2025-02-07T21:32:18-08:00,0,69
style.css,267,css,df88a751,danielbirman28,2025-02-07,21:32:18,-08:00,2025-02-07T21:32:18-08:00,0,0
style.css,268,css,df88a751,danielbirman28,2025-02-07,21:32:18,-08:00,2025-02-07T21:32:18-08:00,0,0
style.css,269,css,df88a751,danielbirman28,2025-02-07,21:32:18,-08:00,2025-02-07T21:32:18-08:00,0,17
style.css,270,css,df88a751,danielbirman28,2025-02-07,21:32:18,-08:00,2025-02-07T21:32:18-08:00,0,13
style.css,271,css,df88a751,danielbirman28,2025-02-07,21:32:18,-08:00,2025-02-07T21:32:18-08:00,0,60
style.css,272,css,df88a751,danielbirman28,2025-02-07,21:32:18,-08:00,2025-02-07T21:32:18-08:00,0,0
style.css,273,css,df88a751,danielbirman28,2025-02-07,21:32:18,-08:00,2025-02-07T21:32:18-08:00,0,0
style.css,274,css,df88a751,danielbirman28,2025-02-07,21:32:18,-08:00,2025-02-07T21:32:18-08:00,0,18
style.css,275,css,df88a751,danielbirman28,2025-02-07,21:32:18,-08:00,2025-02-07T21:32:18-08:00,0,17
style.css,276,css,df88a751,danielbirman28,2025-02-07,21:32:18,-08:00,2025-02-07T21:32:18-08:00,0,12
style.css,277,css,df88a751,danielbirman28,2025-02-07,21:32:18,-08:00,2025-02-07T21:32:18-08:00,0,0
style.css,278,css,df88a751,danielbirman28,2025-02-07,21:32:18,-08:00,2025-02-07T21:32:18-08:00,0,0
style.css,279,css,df88a751,danielbirman28,2025-02-07,21:32:18,-08:00,2025-02-07T21:32:18-08:00,0,5
style.css,280,css,df88a751,danielbirman28,2025-02-07,21:32:18,-08:00,2025-02-07T21:32:18-08:00,0,17
style.css,281,css,df88a751,danielbirman28,2025-02-07,21:32:18,-08:00,2025-02-07T21:32:18-08:00,0,15
style.css,282,css,df88a751,danielbirman28,2025-02-07,21:32:18,-08:00,2025-02-07T21:32:18-08:00,0,0
style.css,283,css,df88a751,danielbirman28,2025-02-07,21:32:18,-08:00,2025-02-07T21:32:18-08:00,0,0
style.css,284,css,df88a751,danielbirman28,2025-02-07,21:32:18,-08:00,2025-02-07T21:32:18-08:00,0,10
style.css,285,css,df88a751,danielbirman28,2025-02-07,21:32:18,-08:00,2025-02-07T21:32:18-08:00,0,36
style.css,286,css,df88a751,danielbirman28,2025-02-07,21:32:18,-08:00,2025-02-07T21:32:18-08:00,0,0
style.css,287,css,df88a751,danielbirman28,2025-02-07,21:32:18,-08:00,2025-02-07T21:32:18-08:00,0,11
style.css,288,css,df88a751,danielbirman28,2025-02-07,21:32:18,-08:00,2025-02-07T21:32:18-08:00,0,17
style.css,289,css,df88a751,danielbirman28,2025-02-07,21:32:18,-08:00,2025-02-07T21:32:18-08:00,0,0
style.css,290,css,963abcf6,danielbirman28,2025-01-25,20:00:34,-08:00,2025-01-25T20:00:34-08:00,0,0
index.js,1,js,8f550eac,danielbirman28,2025-01-30,15:41:41,-08:00,2025-01-30T15:41:41-08:00,0,12
index.js,2,js,9e180f47,danielbirman28,2025-01-30,16:14:27,-08:00,2025-01-30T16:14:27-08:00,0,71
index.js,3,js,8f550eac,danielbirman28,2025-01-30,15:41:41,-08:00,2025-01-30T15:41:41-08:00,0,0
index.js,4,js,8f550eac,danielbirman28,2025-01-30,15:41:41,-08:00,2025-01-30T15:41:41-08:00,0,12
index.js,5,js,8f550eac,danielbirman28,2025-01-30,15:41:41,-08:00,2025-01-30T15:41:41-08:00,0,55
index.js,6,js,8f550eac,danielbirman28,2025-01-30,15:41:41,-08:00,2025-01-30T15:41:41-08:00,0,43
index.js,7,js,8f550eac,danielbirman28,2025-01-30,15:41:41,-08:00,2025-01-30T15:41:41-08:00,0,0
index.js,8,js,8f550eac,danielbirman28,2025-01-30,15:41:41,-08:00,2025-01-30T15:41:41-08:00,0,12
index.js,9,js,8f550eac,danielbirman28,2025-01-30,15:41:41,-08:00,2025-01-30T15:41:41-08:00,0,61
index.js,10,js,8f550eac,danielbirman28,2025-01-30,15:41:41,-08:00,2025-01-30T15:41:41-08:00,0,0
index.js,11,js,8f550eac,danielbirman28,2025-01-30,15:41:41,-08:00,2025-01-30T15:41:41-08:00,0,12
index.js,12,js,213fd6f6,danielbirman28,2025-01-30,15:44:46,-08:00,2025-01-30T15:44:46-08:00,0,55
index.js,13,js,213fd6f6,danielbirman28,2025-01-30,15:44:46,-08:00,2025-01-30T15:44:46-08:00,0,0
index.js,14,js,213fd6f6,danielbirman28,2025-01-30,15:44:46,-08:00,2025-01-30T15:44:46-08:00,0,12
index.js,15,js,9e180f47,danielbirman28,2025-01-30,16:14:27,-08:00,2025-01-30T16:14:27-08:00,0,58
index.js,16,js,9e180f47,danielbirman28,2025-01-30,16:14:27,-08:00,2025-01-30T16:14:27-08:00,0,0
index.js,17,js,9e180f47,danielbirman28,2025-01-30,16:14:27,-08:00,2025-01-30T16:14:27-08:00,0,8
index.js,18,js,9e180f47,danielbirman28,2025-01-30,16:14:27,-08:00,2025-01-30T16:14:27-08:00,0,61
index.js,19,js,9e180f47,danielbirman28,2025-01-30,16:14:27,-08:00,2025-01-30T16:14:27-08:00,0,0
index.js,20,js,9e180f47,danielbirman28,2025-01-30,16:14:27,-08:00,2025-01-30T16:14:27-08:00,0,8
index.js,21,js,9e180f47,danielbirman28,2025-01-30,16:14:27,-08:00,2025-01-30T16:14:27-08:00,0,18
index.js,22,js,9e180f47,danielbirman28,2025-01-30,16:14:27,-08:00,2025-01-30T16:14:27-08:00,0,25
index.js,23,js,9e180f47,danielbirman28,2025-01-30,16:14:27,-08:00,2025-01-30T16:14:27-08:00,0,28
index.js,24,js,9e180f47,danielbirman28,2025-01-30,16:14:27,-08:00,2025-01-30T16:14:27-08:00,0,65
index.js,25,js,9e180f47,danielbirman28,2025-01-30,16:14:27,-08:00,2025-01-30T16:14:27-08:00,0,98
index.js,26,js,9e180f47,danielbirman28,2025-01-30,16:14:27,-08:00,2025-01-30T16:14:27-08:00,0,98
index.js,27,js,9e180f47,danielbirman28,2025-01-30,16:14:27,-08:00,2025-01-30T16:14:27-08:00,0,92
index.js,28,js,9e180f47,danielbirman28,2025-01-30,16:14:27,-08:00,2025-01-30T16:14:27-08:00,0,92
index.js,29,js,9e180f47,danielbirman28,2025-01-30,16:14:27,-08:00,2025-01-30T16:14:27-08:00,0,4
index.js,30,js,9e180f47,danielbirman28,2025-01-30,16:14:27,-08:00,2025-01-30T16:14:27-08:00,0,1
index.js,31,js,9e180f47,danielbirman28,2025-01-30,16:14:27,-08:00,2025-01-30T16:14:27-08:00,0,0
index.js,32,js,9e180f47,danielbirman28,2025-01-30,16:14:27,-08:00,2025-01-30T16:14:27-08:00,0,0
index.html,1,html,9942d6f7,danielbirman28,2025-01-09,17:50:15,-08:00,2025-01-09T17:50:15-08:00,0,14
index.html,2,html,afafcee4,danielbirman28,2025-01-25,19:42:19,-08:00,2025-01-25T19:42:19-08:00,0,30
index.html,3,html,9942d6f7,danielbirman28,2025-01-09,17:50:15,-08:00,2025-01-09T17:50:15-08:00,0,5
index.html,4,html,9942d6f7,danielbirman28,2025-01-09,17:50:15,-08:00,2025-01-09T17:50:15-08:00,0,21
index.html,5,html,9942d6f7,danielbirman28,2025-01-09,17:50:15,-08:00,2025-01-09T17:50:15-08:00,0,69
index.html,6,html,261325e8,danielbirman28,2025-01-09,18:37:15,-08:00,2025-01-09T18:37:15-08:00,0,56
index.html,7,html,dab52732,danielbirman28,2025-01-09,18:18:43,-08:00,2025-01-09T18:18:43-08:00,0,39
index.html,8,html,85227e10,danielbirman28,2025-01-25,19:41:59,-08:00,2025-01-25T19:41:59-08:00,0,46
index.html,9,html,8f550eac,danielbirman28,2025-01-30,15:41:41,-08:00,2025-01-30T15:41:41-08:00,0,51
index.html,10,html,9942d6f7,danielbirman28,2025-01-09,17:50:15,-08:00,2025-01-09T17:50:15-08:00,0,6
index.html,11,html,9942d6f7,danielbirman28,2025-01-09,17:50:15,-08:00,2025-01-09T17:50:15-08:00,0,5
index.html,12,html,261325e8,danielbirman28,2025-01-09,18:37:15,-08:00,2025-01-09T18:37:15-08:00,0,23
index.html,13,html,696d5125,danielbirman28,2025-01-24,21:43:52,-08:00,2025-01-24T21:43:52-08:00,0,9
index.html,14,html,261325e8,danielbirman28,2025-01-09,18:37:15,-08:00,2025-01-09T18:37:15-08:00,0,3
index.html,15,html,562f8e3a,danielbirman28,2025-01-23,20:31:37,-08:00,2025-01-23T20:31:37-08:00,0,37
index.html,16,html,261325e8,danielbirman28,2025-01-09,18:37:15,-08:00,2025-01-09T18:37:15-08:00,0,50
index.html,17,html,261325e8,danielbirman28,2025-01-09,18:37:15,-08:00,2025-01-09T18:37:15-08:00,0,48
index.html,18,html,e2dd3cf1,danielbirman28,2025-01-09,18:56:12,-08:00,2025-01-09T18:56:12-08:00,0,42
index.html,19,html,14aa8176,danielbirman28,2025-01-09,18:39:29,-08:00,2025-01-09T18:39:29-08:00,0,78
index.html,20,html,261325e8,danielbirman28,2025-01-09,18:37:15,-08:00,2025-01-09T18:37:15-08:00,0,4
index.html,21,html,696d5125,danielbirman28,2025-01-24,21:43:52,-08:00,2025-01-24T21:43:52-08:00,0,9
index.html,22,html,261325e8,danielbirman28,2025-01-09,18:37:15,-08:00,2025-01-09T18:37:15-08:00,0,0
index.html,23,html,261325e8,danielbirman28,2025-01-09,18:37:15,-08:00,2025-01-09T18:37:15-08:00,0,20
index.html,24,html,d84b11a8,danielbirman28,2025-01-09,18:21:17,-08:00,2025-01-09T18:21:17-08:00,0,21
index.html,25,html,12b85f4d,danielbirman28,2025-01-24,16:04:22,-08:00,2025-01-24T16:04:22-08:00,0,48
index.html,26,html,12b85f4d,danielbirman28,2025-01-24,16:04:22,-08:00,2025-01-24T16:04:22-08:00,0,30
index.html,27,html,0d98fdcd,danielbirman28,2025-01-24,21:34:46,-08:00,2025-01-24T21:34:46-08:00,0,39
index.html,28,html,8f550eac,danielbirman28,2025-01-30,15:41:41,-08:00,2025-01-30T15:41:41-08:00,0,0
index.html,29,html,8f550eac,danielbirman28,2025-01-30,15:41:41,-08:00,2025-01-30T15:41:41-08:00,0,23
index.html,30,html,8f550eac,danielbirman28,2025-01-30,15:41:41,-08:00,2025-01-30T15:41:41-08:00,0,21
index.html,31,html,8f550eac,danielbirman28,2025-01-30,15:41:41,-08:00,2025-01-30T15:41:41-08:00,0,50
index.html,32,html,8f550eac,danielbirman28,2025-01-30,15:41:41,-08:00,2025-01-30T15:41:41-08:00,0,5
index.html,33,html,8f550eac,danielbirman28,2025-01-30,15:41:41,-08:00,2025-01-30T15:41:41-08:00,0,0
index.html,34,html,9e180f47,danielbirman28,2025-01-30,16:14:27,-08:00,2025-01-30T16:14:27-08:00,0,29
index.html,35,html,9942d6f7,danielbirman28,2025-01-09,17:50:15,-08:00,2025-01-09T17:50:15-08:00,0,6
index.html,36,html,261325e8,danielbirman28,2025-01-09,18:37:15,-08:00,2025-01-09T18:37:15-08:00,0,6
global.js,1,js,963abcf6,danielbirman28,2025-01-25,20:00:34,-08:00,2025-01-25T20:00:34-08:00,0,26
global.js,2,js,562f8e3a,danielbirman28,2025-01-23,20:31:37,-08:00,2025-01-23T20:31:37-08:00,0,0
global.js,3,js,963abcf6,danielbirman28,2025-01-25,20:00:34,-08:00,2025-01-25T20:00:34-08:00,0,42
global.js,4,js,963abcf6,danielbirman28,2025-01-25,20:00:34,-08:00,2025-01-25T20:00:34-08:00,0,53
global.js,5,js,963abcf6,danielbirman28,2025-01-25,20:00:34,-08:00,2025-01-25T20:00:34-08:00,0,0
global.js,6,js,bddd7e3d,danielbirman28,2025-01-24,22:02:08,-08:00,2025-01-24T22:02:08-08:00,0,0
global.js,7,js,963abcf6,danielbirman28,2025-01-25,20:00:34,-08:00,2025-01-25T20:00:34-08:00,0,48
global.js,8,js,963abcf6,danielbirman28,2025-01-25,20:00:34,-08:00,2025-01-25T20:00:34-08:00,0,12
global.js,9,js,963abcf6,danielbirman28,2025-01-25,20:00:34,-08:00,2025-01-25T20:00:34-08:00,0,26
global.js,10,js,963abcf6,danielbirman28,2025-01-25,20:00:34,-08:00,2025-01-25T20:00:34-08:00,0,39
global.js,11,js,963abcf6,danielbirman28,2025-01-25,20:00:34,-08:00,2025-01-25T20:00:34-08:00,0,37
global.js,12,js,963abcf6,danielbirman28,2025-01-25,20:00:34,-08:00,2025-01-25T20:00:34-08:00,0,31
global.js,13,js,00000000,Not Committed Yet,2025-02-13,15:45:41,-08:00,2025-02-13T15:45:41-08:00,0,31
global.js,14,js,00000000,Not Committed Yet,2025-02-13,15:45:41,-08:00,2025-02-13T15:45:41-08:00,0,60
global.js,15,js,963abcf6,danielbirman28,2025-01-25,20:00:34,-08:00,2025-01-25T20:00:34-08:00,0,1
global.js,16,js,562f8e3a,danielbirman28,2025-01-23,20:31:37,-08:00,2025-01-23T20:31:37-08:00,0,0
global.js,17,js,963abcf6,danielbirman28,2025-01-25,20:00:34,-08:00,2025-01-25T20:00:34-08:00,0,71
global.js,18,js,562f8e3a,danielbirman28,2025-01-23,20:31:37,-08:00,2025-01-23T20:31:37-08:00,0,0
global.js,19,js,963abcf6,danielbirman28,2025-01-25,20:00:34,-08:00,2025-01-25T20:00:34-08:00,0,44
global.js,20,js,963abcf6,danielbirman28,2025-01-25,20:00:34,-08:00,2025-01-25T20:00:34-08:00,0,39
global.js,21,js,963abcf6,danielbirman28,2025-01-25,20:00:34,-08:00,2025-01-25T20:00:34-08:00,0,26
global.js,22,js,e48c2f56,danielbirman28,2025-01-23,20:47:58,-08:00,2025-01-23T20:47:58-08:00,0,0
global.js,23,js,963abcf6,danielbirman28,2025-01-25,20:00:34,-08:00,2025-01-25T20:00:34-08:00,0,36
global.js,24,js,963abcf6,danielbirman28,2025-01-25,20:00:34,-08:00,2025-01-25T20:00:34-08:00,0,21
global.js,25,js,963abcf6,danielbirman28,2025-01-25,20:00:34,-08:00,2025-01-25T20:00:34-08:00,0,15
global.js,26,js,963abcf6,danielbirman28,2025-01-25,20:00:34,-08:00,2025-01-25T20:00:34-08:00,0,19
global.js,27,js,51e73edd,danielbirman28,2025-01-25,19:49:18,-08:00,2025-01-25T19:49:18-08:00,0,0
global.js,28,js,963abcf6,danielbirman28,2025-01-25,20:00:34,-08:00,2025-01-25T20:00:34-08:00,0,32
global.js,29,js,963abcf6,danielbirman28,2025-01-25,20:00:34,-08:00,2025-01-25T20:00:34-08:00,0,65
global.js,30,js,51e73edd,danielbirman28,2025-01-25,19:49:18,-08:00,2025-01-25T19:49:18-08:00,0,0
global.js,31,js,963abcf6,danielbirman28,2025-01-25,20:00:34,-08:00,2025-01-25T20:00:34-08:00,0,20
global.js,32,js,963abcf6,danielbirman28,2025-01-25,20:00:34,-08:00,2025-01-25T20:00:34-08:00,0,35
global.js,33,js,963abcf6,danielbirman28,2025-01-25,20:00:34,-08:00,2025-01-25T20:00:34-08:00,0,12
global.js,34,js,963abcf6,danielbirman28,2025-01-25,20:00:34,-08:00,2025-01-25T20:00:34-08:00,0,21
global.js,35,js,51e73edd,danielbirman28,2025-01-25,19:49:18,-08:00,2025-01-25T19:49:18-08:00,0,0
global.js,36,js,963abcf6,danielbirman28,2025-01-25,20:00:34,-08:00,2025-01-25T20:00:34-08:00,0,24
global.js,37,js,963abcf6,danielbirman28,2025-01-25,20:00:34,-08:00,2025-01-25T20:00:34-08:00,0,18
global.js,38,js,963abcf6,danielbirman28,2025-01-25,20:00:34,-08:00,2025-01-25T20:00:34-08:00,0,9
global.js,39,js,963abcf6,danielbirman28,2025-01-25,20:00:34,-08:00,2025-01-25T20:00:34-08:00,0,59
global.js,40,js,963abcf6,danielbirman28,2025-01-25,20:00:34,-08:00,2025-01-25T20:00:34-08:00,0,1
global.js,41,js,51e73edd,danielbirman28,2025-01-25,19:49:18,-08:00,2025-01-25T19:49:18-08:00,0,0
global.js,42,js,963abcf6,danielbirman28,2025-01-25,20:00:34,-08:00,2025-01-25T20:00:34-08:00,0,34
global.js,43,js,963abcf6,danielbirman28,2025-01-25,20:00:34,-08:00,2025-01-25T20:00:34-08:00,0,51
global.js,44,js,51e73edd,danielbirman28,2025-01-25,19:49:18,-08:00,2025-01-25T19:49:18-08:00,0,0
global.js,45,js,963abcf6,danielbirman28,2025-01-25,20:00:34,-08:00,2025-01-25T20:00:34-08:00,0,23
global.js,46,js,963abcf6,danielbirman28,2025-01-25,20:00:34,-08:00,2025-01-25T20:00:34-08:00,0,13
global.js,47,js,963abcf6,danielbirman28,2025-01-25,20:00:34,-08:00,2025-01-25T20:00:34-08:00,0,0
global.js,48,js,51e73edd,danielbirman28,2025-01-25,19:49:18,-08:00,2025-01-25T19:49:18-08:00,0,0
global.js,49,js,963abcf6,danielbirman28,2025-01-25,20:00:34,-08:00,2025-01-25T20:00:34-08:00,0,48
global.js,50,js,963abcf6,danielbirman28,2025-01-25,20:00:34,-08:00,2025-01-25T20:00:34-08:00,0,32
global.js,51,js,963abcf6,danielbirman28,2025-01-25,20:00:34,-08:00,2025-01-25T20:00:34-08:00,0,12
global.js,52,js,963abcf6,danielbirman28,2025-01-25,20:00:34,-08:00,2025-01-25T20:00:34-08:00,0,0
global.js,53,js,963abcf6,danielbirman28,2025-01-25,20:00:34,-08:00,2025-01-25T20:00:34-08:00,0,27
global.js,54,js,963abcf6,danielbirman28,2025-01-25,20:00:34,-08:00,2025-01-25T20:00:34-08:00,0,5
global.js,55,js,963abcf6,danielbirman28,2025-01-25,20:00:34,-08:00,2025-01-25T20:00:34-08:00,0,27
global.js,56,js,963abcf6,danielbirman28,2025-01-25,20:00:34,-08:00,2025-01-25T20:00:34-08:00,0,38
global.js,57,js,963abcf6,danielbirman28,2025-01-25,20:00:34,-08:00,2025-01-25T20:00:34-08:00,0,35
global.js,58,js,963abcf6,danielbirman28,2025-01-25,20:00:34,-08:00,2025-01-25T20:00:34-08:00,0,33
global.js,59,js,963abcf6,danielbirman28,2025-01-25,20:00:34,-08:00,2025-01-25T20:00:34-08:00,0,8
global.js,60,js,963abcf6,danielbirman28,2025-01-25,20:00:34,-08:00,2025-01-25T20:00:34-08:00,0,7
global.js,61,js,963abcf6,danielbirman28,2025-01-25,20:00:34,-08:00,2025-01-25T20:00:34-08:00,0,0
global.js,62,js,963abcf6,danielbirman28,2025-01-25,20:00:34,-08:00,2025-01-25T20:00:34-08:00,0,1
global.js,63,js,1b72bf02,danielbirman28,2025-01-24,21:16:04,-08:00,2025-01-24T21:16:04-08:00,0,0
global.js,64,js,963abcf6,danielbirman28,2025-01-25,20:00:34,-08:00,2025-01-25T20:00:34-08:00,0,63
global.js,65,js,963abcf6,danielbirman28,2025-01-25,20:00:34,-08:00,2025-01-25T20:00:34-08:00,0,44
global.js,66,js,963abcf6,danielbirman28,2025-01-25,20:00:34,-08:00,2025-01-25T20:00:34-08:00,0,0
global.js,67,js,963abcf6,danielbirman28,2025-01-25,20:00:34,-08:00,2025-01-25T20:00:34-08:00,0,35
global.js,68,js,963abcf6,danielbirman28,2025-01-25,20:00:34,-08:00,2025-01-25T20:00:34-08:00,0,31
global.js,69,js,963abcf6,danielbirman28,2025-01-25,20:00:34,-08:00,2025-01-25T20:00:34-08:00,0,22
global.js,70,js,963abcf6,danielbirman28,2025-01-25,20:00:34,-08:00,2025-01-25T20:00:34-08:00,0,65
global.js,71,js,963abcf6,danielbirman28,2025-01-25,20:00:34,-08:00,2025-01-25T20:00:34-08:00,0,7
global.js,72,js,963abcf6,danielbirman28,2025-01-25,20:00:34,-08:00,2025-01-25T20:00:34-08:00,0,37
global.js,73,js,963abcf6,danielbirman28,2025-01-25,20:00:34,-08:00,2025-01-25T20:00:34-08:00,0,0
global.js,74,js,963abcf6,danielbirman28,2025-01-25,20:00:34,-08:00,2025-01-25T20:00:34-08:00,0,38
global.js,75,js,963abcf6,danielbirman28,2025-01-25,20:00:34,-08:00,2025-01-25T20:00:34-08:00,0,42
global.js,76,js,963abcf6,danielbirman28,2025-01-25,20:00:34,-08:00,2025-01-25T20:00:34-08:00,0,0
global.js,77,js,1b72bf02,danielbirman28,2025-01-24,21:16:04,-08:00,2025-01-24T21:16:04-08:00,0,0
global.js,78,js,963abcf6,danielbirman28,2025-01-25,20:00:34,-08:00,2025-01-25T20:00:34-08:00,0,40
global.js,79,js,963abcf6,danielbirman28,2025-01-25,20:00:34,-08:00,2025-01-25T20:00:34-08:00,0,64
global.js,80,js,963abcf6,danielbirman28,2025-01-25,20:00:34,-08:00,2025-01-25T20:00:34-08:00,0,32
global.js,81,js,963abcf6,danielbirman28,2025-01-25,20:00:34,-08:00,2025-01-25T20:00:34-08:00,0,26
global.js,82,js,1b72bf02,danielbirman28,2025-01-24,21:16:04,-08:00,2025-01-24T21:16:04-08:00,0,0
global.js,83,js,963abcf6,danielbirman28,2025-01-25,20:00:34,-08:00,2025-01-25T20:00:34-08:00,0,52
global.js,84,js,963abcf6,danielbirman28,2025-01-25,20:00:34,-08:00,2025-01-25T20:00:34-08:00,0,40
global.js,85,js,963abcf6,danielbirman28,2025-01-25,20:00:34,-08:00,2025-01-25T20:00:34-08:00,0,29
global.js,86,js,25aea56d,danielbirman28,2025-01-30,14:12:46,-08:00,2025-01-30T14:12:46-08:00,0,2
global.js,87,js,25aea56d,danielbirman28,2025-01-30,14:12:46,-08:00,2025-01-30T14:12:46-08:00,0,0
global.js,88,js,25aea56d,danielbirman28,2025-01-30,14:12:46,-08:00,2025-01-30T14:12:46-08:00,0,56
global.js,89,js,25aea56d,danielbirman28,2025-01-30,14:12:46,-08:00,2025-01-30T14:12:46-08:00,0,37
global.js,90,js,25aea56d,danielbirman28,2025-01-30,14:12:46,-08:00,2025-01-30T14:12:46-08:00,0,4
global.js,91,js,25aea56d,danielbirman28,2025-01-30,14:12:46,-08:00,2025-01-30T14:12:46-08:00,0,40
global.js,92,js,25aea56d,danielbirman28,2025-01-30,14:12:46,-08:00,2025-01-30T14:12:46-08:00,0,33
global.js,93,js,25aea56d,danielbirman28,2025-01-30,14:12:46,-08:00,2025-01-30T14:12:46-08:00,0,18
global.js,94,js,25aea56d,danielbirman28,2025-01-30,14:12:46,-08:00,2025-01-30T14:12:46-08:00,0,67
global.js,95,js,25aea56d,danielbirman28,2025-01-30,14:12:46,-08:00,2025-01-30T14:12:46-08:00,0,0
global.js,96,js,3be1b488,danielbirman28,2025-01-30,15:15:31,-08:00,2025-01-30T15:15:31-08:00,0,21
global.js,97,js,25aea56d,danielbirman28,2025-01-30,14:12:46,-08:00,2025-01-30T14:12:46-08:00,0,34
global.js,98,js,25aea56d,danielbirman28,2025-01-30,14:12:46,-08:00,2025-01-30T14:12:46-08:00,0,42
global.js,99,js,25aea56d,danielbirman28,2025-01-30,14:12:46,-08:00,2025-01-30T14:12:46-08:00,0,0
global.js,100,js,25aea56d,danielbirman28,2025-01-30,14:12:46,-08:00,2025-01-30T14:12:46-08:00,0,0
global.js,101,js,25aea56d,danielbirman28,2025-01-30,14:12:46,-08:00,2025-01-30T14:12:46-08:00,0,16
global.js,102,js,25aea56d,danielbirman28,2025-01-30,14:12:46,-08:00,2025-01-30T14:12:46-08:00,0,60
global.js,103,js,25aea56d,danielbirman28,2025-01-30,14:12:46,-08:00,2025-01-30T14:12:46-08:00,0,0
global.js,104,js,25aea56d,danielbirman28,2025-01-30,14:12:46,-08:00,2025-01-30T14:12:46-08:00,0,0
global.js,105,js,25aea56d,danielbirman28,2025-01-30,14:12:46,-08:00,2025-01-30T14:12:46-08:00,0,0
global.js,106,js,25aea56d,danielbirman28,2025-01-30,14:12:46,-08:00,2025-01-30T14:12:46-08:00,0,46
global.js,107,js,df88a751,danielbirman28,2025-02-07,21:32:18,-08:00,2025-02-07T21:32:18-08:00,0,83
global.js,108,js,df88a751,danielbirman28,2025-02-07,21:32:18,-08:00,2025-02-07T21:32:18-08:00,0,74
global.js,109,js,df88a751,danielbirman28,2025-02-07,21:32:18,-08:00,2025-02-07T21:32:18-08:00,0,50
global.js,110,js,df88a751,danielbirman28,2025-02-07,21:32:18,-08:00,2025-02-07T21:32:18-08:00,0,13
global.js,111,js,df88a751,danielbirman28,2025-02-07,21:32:18,-08:00,2025-02-07T21:32:18-08:00,0,5
global.js,112,js,df88a751,danielbirman28,2025-02-07,21:32:18,-08:00,2025-02-07T21:32:18-08:00,0,0
global.js,113,js,df88a751,danielbirman28,2025-02-07,21:32:18,-08:00,2025-02-07T21:32:18-08:00,0,67
global.js,114,js,df88a751,danielbirman28,2025-02-07,21:32:18,-08:00,2025-02-07T21:32:18-08:00,0,23
global.js,115,js,df88a751,danielbirman28,2025-02-07,21:32:18,-08:00,2025-02-07T21:32:18-08:00,0,61
global.js,116,js,df88a751,danielbirman28,2025-02-07,21:32:18,-08:00,2025-02-07T21:32:18-08:00,0,5
global.js,117,js,df88a751,danielbirman28,2025-02-07,21:32:18,-08:00,2025-02-07T21:32:18-08:00,0,0
global.js,118,js,df88a751,danielbirman28,2025-02-07,21:32:18,-08:00,2025-02-07T21:32:18-08:00,0,33
global.js,119,js,df88a751,danielbirman28,2025-02-07,21:32:18,-08:00,2025-02-07T21:32:18-08:00,0,56
global.js,120,js,df88a751,danielbirman28,2025-02-07,21:32:18,-08:00,2025-02-07T21:32:18-08:00,0,0
global.js,121,js,df88a751,danielbirman28,2025-02-07,21:32:18,-08:00,2025-02-07T21:32:18-08:00,0,52
global.js,122,js,df88a751,danielbirman28,2025-02-07,21:32:18,-08:00,2025-02-07T21:32:18-08:00,0,55
global.js,123,js,df88a751,danielbirman28,2025-02-07,21:32:18,-08:00,2025-02-07T21:32:18-08:00,0,30
global.js,124,js,df88a751,danielbirman28,2025-02-07,21:32:18,-08:00,2025-02-07T21:32:18-08:00,0,37
global.js,125,js,df88a751,danielbirman28,2025-02-07,21:32:18,-08:00,2025-02-07T21:32:18-08:00,0,51
global.js,126,js,df88a751,danielbirman28,2025-02-07,21:32:18,-08:00,2025-02-07T21:32:18-08:00,0,8
global.js,127,js,df88a751,danielbirman28,2025-02-07,21:32:18,-08:00,2025-02-07T21:32:18-08:00,0,0
global.js,128,js,df88a751,danielbirman28,2025-02-07,21:32:18,-08:00,2025-02-07T21:32:18-08:00,0,27
global.js,129,js,df88a751,danielbirman28,2025-02-07,21:32:18,-08:00,2025-02-07T21:32:18-08:00,0,33
global.js,130,js,df88a751,danielbirman28,2025-02-07,21:32:18,-08:00,2025-02-07T21:32:18-08:00,0,59
global.js,131,js,df88a751,danielbirman28,2025-02-07,21:32:18,-08:00,2025-02-07T21:32:18-08:00,0,8
global.js,132,js,df88a751,danielbirman28,2025-02-07,21:32:18,-08:00,2025-02-07T21:32:18-08:00,0,0
global.js,133,js,df88a751,danielbirman28,2025-02-07,21:32:18,-08:00,2025-02-07T21:32:18-08:00,0,72
global.js,134,js,df88a751,danielbirman28,2025-02-07,21:32:18,-08:00,2025-02-07T21:32:18-08:00,0,44
global.js,135,js,df88a751,danielbirman28,2025-02-07,21:32:18,-08:00,2025-02-07T21:32:18-08:00,0,7
global.js,136,js,df88a751,danielbirman28,2025-02-07,21:32:18,-08:00,2025-02-07T21:32:18-08:00,0,3
global.js,137,js,df88a751,danielbirman28,2025-02-07,21:32:18,-08:00,2025-02-07T21:32:18-08:00,0,0
global.js,138,js,f85c2afe,danielbirman28,2025-01-30,15:27:26,-08:00,2025-01-30T15:27:26-08:00,0,80
global.js,139,js,25aea56d,danielbirman28,2025-01-30,14:12:46,-08:00,2025-01-30T14:12:46-08:00,0,69
global.js,140,js,f85c2afe,danielbirman28,2025-01-30,15:27:26,-08:00,2025-01-30T15:27:26-08:00,0,43
global.js,141,js,f85c2afe,danielbirman28,2025-01-30,15:27:26,-08:00,2025-01-30T15:27:26-08:00,0,6
global.js,142,js,25aea56d,danielbirman28,2025-01-30,14:12:46,-08:00,2025-01-30T14:12:46-08:00,0,0
global.js,143,js,3be1b488,danielbirman28,2025-01-30,15:15:31,-08:00,2025-01-30T15:15:31-08:00,0,0
global.js,144,js,df88a751,danielbirman28,2025-02-07,21:32:18,-08:00,2025-02-07T21:32:18-08:00,0,51
global.js,145,js,df88a751,danielbirman28,2025-02-07,21:32:18,-08:00,2025-02-07T21:32:18-08:00,0,31
global.js,146,js,f85c2afe,danielbirman28,2025-01-30,15:27:26,-08:00,2025-01-30T15:27:26-08:00,0,0
global.js,147,js,df88a751,danielbirman28,2025-02-07,21:32:18,-08:00,2025-02-07T21:32:18-08:00,0,62
global.js,148,js,f85c2afe,danielbirman28,2025-01-30,15:27:26,-08:00,2025-01-30T15:27:26-08:00,0,18
global.js,149,js,f85c2afe,danielbirman28,2025-01-30,15:27:26,-08:00,2025-01-30T15:27:26-08:00,0,54
global.js,150,js,f85c2afe,danielbirman28,2025-01-30,15:27:26,-08:00,2025-01-30T15:27:26-08:00,0,0
global.js,151,js,f85c2afe,danielbirman28,2025-01-30,15:27:26,-08:00,2025-01-30T15:27:26-08:00,0,0
global.js,152,js,f85c2afe,danielbirman28,2025-01-30,15:27:26,-08:00,2025-01-30T15:27:26-08:00,0,28
global.js,153,js,3be1b488,danielbirman28,2025-01-30,15:15:31,-08:00,2025-01-30T15:15:31-08:00,0,49
global.js,154,js,df88a751,danielbirman28,2025-02-07,21:32:18,-08:00,2025-02-07T21:32:18-08:00,0,0
global.js,155,js,df88a751,danielbirman28,2025-02-07,21:32:18,-08:00,2025-02-07T21:32:18-08:00,0,45
global.js,156,js,df88a751,danielbirman28,2025-02-07,21:32:18,-08:00,2025-02-07T21:32:18-08:00,0,48
global.js,157,js,df88a751,danielbirman28,2025-02-07,21:32:18,-08:00,2025-02-07T21:32:18-08:00,0,23
global.js,158,js,df88a751,danielbirman28,2025-02-07,21:32:18,-08:00,2025-02-07T21:32:18-08:00,0,28
global.js,159,js,df88a751,danielbirman28,2025-02-07,21:32:18,-08:00,2025-02-07T21:32:18-08:00,0,42
global.js,160,js,df88a751,danielbirman28,2025-02-07,21:32:18,-08:00,2025-02-07T21:32:18-08:00,0,1
global.js,161,js,df88a751,danielbirman28,2025-02-07,21:32:18,-08:00,2025-02-07T21:32:18-08:00,0,0
global.js,162,js,3be1b488,danielbirman28,2025-01-30,15:15:31,-08:00,2025-01-30T15:15:31-08:00,0,20
global.js,163,js,f85c2afe,danielbirman28,2025-01-30,15:27:26,-08:00,2025-01-30T15:27:26-08:00,0,24
global.js,164,js,f85c2afe,danielbirman28,2025-01-30,15:27:26,-08:00,2025-01-30T15:27:26-08:00,0,50
global.js,165,js,3be1b488,danielbirman28,2025-01-30,15:15:31,-08:00,2025-01-30T15:15:31-08:00,0,1
global.js,166,js,df88a751,danielbirman28,2025-02-07,21:32:18,-08:00,2025-02-07T21:32:18-08:00,0,0
global.js,167,js,df88a751,danielbirman28,2025-02-07,21:32:18,-08:00,2025-02-07T21:32:18-08:00,0,65
global.js,168,js,df88a751,danielbirman28,2025-02-07,21:32:18,-08:00,2025-02-07T21:32:18-08:00,0,37
global.js,169,js,f85c2afe,danielbirman28,2025-01-30,15:27:26,-08:00,2025-01-30T15:27:26-08:00,0,2
global.js,170,js,213fd6f6,danielbirman28,2025-01-30,15:44:46,-08:00,2025-01-30T15:44:46-08:00,0,0
global.js,171,js,213fd6f6,danielbirman28,2025-01-30,15:44:46,-08:00,2025-01-30T15:44:46-08:00,0,0
global.js,172,js,df88a751,danielbirman28,2025-02-07,21:32:18,-08:00,2025-02-07T21:32:18-08:00,0,0
global.js,173,js,df88a751,danielbirman28,2025-02-07,21:32:18,-08:00,2025-02-07T21:32:18-08:00,0,0
global.js,174,js,213fd6f6,danielbirman28,2025-01-30,15:44:46,-08:00,2025-01-30T15:44:46-08:00,0,19
global.js,175,js,213fd6f6,danielbirman28,2025-01-30,15:44:46,-08:00,2025-01-30T15:44:46-08:00,0,48
global.js,176,js,9e180f47,danielbirman28,2025-01-30,16:14:27,-08:00,2025-01-30T16:14:27-08:00,0,60
global.js,177,js,213fd6f6,danielbirman28,2025-01-30,15:44:46,-08:00,2025-01-30T15:44:46-08:00,0,0
global.js,178,js,213fd6f6,danielbirman28,2025-01-30,15:44:46,-08:00,2025-01-30T15:44:46-08:00,0,0
projects/projects.js,1,js,3be1b488,danielbirman28,2025-01-30,15:15:31,-08:00,2025-01-30T15:15:31-08:00,0,43
projects/projects.js,2,js,25aea56d,danielbirman28,2025-01-30,14:12:46,-08:00,2025-01-30T14:12:46-08:00,0,56
projects/projects.js,3,js,25aea56d,danielbirman28,2025-01-30,14:12:46,-08:00,2025-01-30T14:12:46-08:00,0,56
projects/projects.js,4,js,25aea56d,danielbirman28,2025-01-30,14:12:46,-08:00,2025-01-30T14:12:46-08:00,0,61
projects/projects.js,5,js,df88a751,danielbirman28,2025-02-07,21:32:18,-08:00,2025-02-07T21:32:18-08:00,0,49
projects/projects.js,6,js,df88a751,danielbirman28,2025-02-07,21:32:18,-08:00,2025-02-07T21:32:18-08:00,0,0
projects/projects.js,7,js,df88a751,danielbirman28,2025-02-07,21:32:18,-08:00,2025-02-07T21:32:18-08:00,0,64
projects/projects.js,8,js,df88a751,danielbirman28,2025-02-07,21:32:18,-08:00,2025-02-07T21:32:18-08:00,0,0
projects/projects.js,9,js,df88a751,danielbirman28,2025-02-07,21:32:18,-08:00,2025-02-07T21:32:18-08:00,0,31
projects/projects.js,10,js,df88a751,danielbirman28,2025-02-07,21:32:18,-08:00,2025-02-07T21:32:18-08:00,0,26
projects/projects.js,11,js,df88a751,danielbirman28,2025-02-07,21:32:18,-08:00,2025-02-07T21:32:18-08:00,0,33
projects/projects.js,12,js,df88a751,danielbirman28,2025-02-07,21:32:18,-08:00,2025-02-07T21:32:18-08:00,0,0
projects/projects.js,13,js,df88a751,danielbirman28,2025-02-07,21:32:18,-08:00,2025-02-07T21:32:18-08:00,0,75
projects/projects.js,14,js,df88a751,danielbirman28,2025-02-07,21:32:18,-08:00,2025-02-07T21:32:18-08:00,0,22
projects/projects.js,15,js,df88a751,danielbirman28,2025-02-07,21:32:18,-08:00,2025-02-07T21:32:18-08:00,0,0
projects/projects.js,16,js,df88a751,danielbirman28,2025-02-07,21:32:18,-08:00,2025-02-07T21:32:18-08:00,0,53
projects/projects.js,17,js,df88a751,danielbirman28,2025-02-07,21:32:18,-08:00,2025-02-07T21:32:18-08:00,0,54
projects/projects.js,18,js,df88a751,danielbirman28,2025-02-07,21:32:18,-08:00,2025-02-07T21:32:18-08:00,0,14
projects/projects.js,19,js,df88a751,danielbirman28,2025-02-07,21:32:18,-08:00,2025-02-07T21:32:18-08:00,0,0
projects/projects.js,20,js,df88a751,danielbirman28,2025-02-07,21:32:18,-08:00,2025-02-07T21:32:18-08:00,0,60
projects/projects.js,21,js,df88a751,danielbirman28,2025-02-07,21:32:18,-08:00,2025-02-07T21:32:18-08:00,0,49
projects/projects.js,22,js,df88a751,danielbirman28,2025-02-07,21:32:18,-08:00,2025-02-07T21:32:18-08:00,0,63
projects/projects.js,23,js,df88a751,danielbirman28,2025-02-07,21:32:18,-08:00,2025-02-07T21:32:18-08:00,0,52
projects/projects.js,24,js,df88a751,danielbirman28,2025-02-07,21:32:18,-08:00,2025-02-07T21:32:18-08:00,0,60
projects/projects.js,25,js,df88a751,danielbirman28,2025-02-07,21:32:18,-08:00,2025-02-07T21:32:18-08:00,0,74
projects/projects.js,26,js,df88a751,danielbirman28,2025-02-07,21:32:18,-08:00,2025-02-07T21:32:18-08:00,0,2
projects/projects.js,27,js,df88a751,danielbirman28,2025-02-07,21:32:18,-08:00,2025-02-07T21:32:18-08:00,0,0
projects/projects.js,28,js,df88a751,danielbirman28,2025-02-07,21:32:18,-08:00,2025-02-07T21:32:18-08:00,0,26
projects/projects.js,29,js,df88a751,danielbirman28,2025-02-07,21:32:18,-08:00,2025-02-07T21:32:18-08:00,0,57
projects/projects.js,30,js,df88a751,danielbirman28,2025-02-07,21:32:18,-08:00,2025-02-07T21:32:18-08:00,0,0
projects/projects.js,31,js,df88a751,danielbirman28,2025-02-07,21:32:18,-08:00,2025-02-07T21:32:18-08:00,0,48
projects/projects.js,32,js,df88a751,danielbirman28,2025-02-07,21:32:18,-08:00,2025-02-07T21:32:18-08:00,0,32
projects/projects.js,33,js,df88a751,danielbirman28,2025-02-07,21:32:18,-08:00,2025-02-07T21:32:18-08:00,0,2
projects/projects.js,34,js,df88a751,danielbirman28,2025-02-07,21:32:18,-08:00,2025-02-07T21:32:18-08:00,0,0
projects/projects.js,35,js,df88a751,danielbirman28,2025-02-07,21:32:18,-08:00,2025-02-07T21:32:18-08:00,0,0
projects/projects.js,36,js,df88a751,danielbirman28,2025-02-07,21:32:18,-08:00,2025-02-07T21:32:18-08:00,0,39
projects/projects.js,37,js,df88a751,danielbirman28,2025-02-07,21:32:18,-08:00,2025-02-07T21:32:18-08:00,0,52
projects/projects.js,38,js,df88a751,danielbirman28,2025-02-07,21:32:18,-08:00,2025-02-07T21:32:18-08:00,0,30
projects/projects.js,39,js,df88a751,danielbirman28,2025-02-07,21:32:18,-08:00,2025-02-07T21:32:18-08:00,0,13
projects/projects.js,40,js,df88a751,danielbirman28,2025-02-07,21:32:18,-08:00,2025-02-07T21:32:18-08:00,0,15
projects/projects.js,41,js,df88a751,danielbirman28,2025-02-07,21:32:18,-08:00,2025-02-07T21:32:18-08:00,0,12
projects/projects.js,42,js,df88a751,danielbirman28,2025-02-07,21:32:18,-08:00,2025-02-07T21:32:18-08:00,0,1
projects/projects.js,43,js,df88a751,danielbirman28,2025-02-07,21:32:18,-08:00,2025-02-07T21:32:18-08:00,0,0
projects/projects.js,44,js,df88a751,danielbirman28,2025-02-07,21:32:18,-08:00,2025-02-07T21:32:18-08:00,0,46
projects/projects.js,45,js,df88a751,danielbirman28,2025-02-07,21:32:18,-08:00,2025-02-07T21:32:18-08:00,0,52
projects/projects.js,46,js,df88a751,danielbirman28,2025-02-07,21:32:18,-08:00,2025-02-07T21:32:18-08:00,0,12
projects/projects.js,47,js,df88a751,danielbirman28,2025-02-07,21:32:18,-08:00,2025-02-07T21:32:18-08:00,0,10
projects/projects.js,48,js,df88a751,danielbirman28,2025-02-07,21:32:18,-08:00,2025-02-07T21:32:18-08:00,0,3
projects/projects.js,49,js,df88a751,danielbirman28,2025-02-07,21:32:18,-08:00,2025-02-07T21:32:18-08:00,0,0
projects/projects.js,50,js,df88a751,danielbirman28,2025-02-07,21:32:18,-08:00,2025-02-07T21:32:18-08:00,0,40
projects/projects.js,51,js,df88a751,danielbirman28,2025-02-07,21:32:18,-08:00,2025-02-07T21:32:18-08:00,0,51
projects/projects.js,52,js,df88a751,danielbirman28,2025-02-07,21:32:18,-08:00,2025-02-07T21:32:18-08:00,0,40
projects/projects.js,53,js,df88a751,danielbirman28,2025-02-07,21:32:18,-08:00,2025-02-07T21:32:18-08:00,0,58
projects/projects.js,54,js,df88a751,danielbirman28,2025-02-07,21:32:18,-08:00,2025-02-07T21:32:18-08:00,0,47
projects/projects.js,55,js,df88a751,danielbirman28,2025-02-07,21:32:18,-08:00,2025-02-07T21:32:18-08:00,0,0
projects/projects.js,56,js,df88a751,danielbirman28,2025-02-07,21:32:18,-08:00,2025-02-07T21:32:18-08:00,0,61
projects/projects.js,57,js,df88a751,danielbirman28,2025-02-07,21:32:18,-08:00,2025-02-07T21:32:18-08:00,0,30
projects/projects.js,58,js,df88a751,danielbirman28,2025-02-07,21:32:18,-08:00,2025-02-07T21:32:18-08:00,0,31
projects/projects.js,59,js,df88a751,danielbirman28,2025-02-07,21:32:18,-08:00,2025-02-07T21:32:18-08:00,0,0
projects/projects.js,60,js,df88a751,danielbirman28,2025-02-07,21:32:18,-08:00,2025-02-07T21:32:18-08:00,0,34
projects/projects.js,61,js,df88a751,danielbirman28,2025-02-07,21:32:18,-08:00,2025-02-07T21:32:18-08:00,0,34
projects/projects.js,62,js,df88a751,danielbirman28,2025-02-07,21:32:18,-08:00,2025-02-07T21:32:18-08:00,0,48
projects/projects.js,63,js,df88a751,danielbirman28,2025-02-07,21:32:18,-08:00,2025-02-07T21:32:18-08:00,0,0
projects/projects.js,64,js,df88a751,danielbirman28,2025-02-07,21:32:18,-08:00,2025-02-07T21:32:18-08:00,0,29
projects/projects.js,65,js,df88a751,danielbirman28,2025-02-07,21:32:18,-08:00,2025-02-07T21:32:18-08:00,0,17
projects/projects.js,66,js,df88a751,danielbirman28,2025-02-07,21:32:18,-08:00,2025-02-07T21:32:18-08:00,0,14
projects/projects.js,67,js,df88a751,danielbirman28,2025-02-07,21:32:18,-08:00,2025-02-07T21:32:18-08:00,0,47
projects/projects.js,68,js,df88a751,danielbirman28,2025-02-07,21:32:18,-08:00,2025-02-07T21:32:18-08:00,0,52
projects/projects.js,69,js,df88a751,danielbirman28,2025-02-07,21:32:18,-08:00,2025-02-07T21:32:18-08:00,0,19
projects/projects.js,70,js,df88a751,danielbirman28,2025-02-07,21:32:18,-08:00,2025-02-07T21:32:18-08:00,0,29
projects/projects.js,71,js,df88a751,danielbirman28,2025-02-07,21:32:18,-08:00,2025-02-07T21:32:18-08:00,0,40
projects/projects.js,72,js,df88a751,danielbirman28,2025-02-07,21:32:18,-08:00,2025-02-07T21:32:18-08:00,0,18
projects/projects.js,73,js,df88a751,danielbirman28,2025-02-07,21:32:18,-08:00,2025-02-07T21:32:18-08:00,0,55
projects/projects.js,74,js,df88a751,danielbirman28,2025-02-07,21:32:18,-08:00,2025-02-07T21:32:18-08:00,0,59
projects/projects.js,75,js,df88a751,danielbirman28,2025-02-07,21:32:18,-08:00,2025-02-07T21:32:18-08:00,0,0
projects/projects.js,76,js,df88a751,danielbirman28,2025-02-07,21:32:18,-08:00,2025-02-07T21:32:18-08:00,0,31
projects/projects.js,77,js,df88a751,danielbirman28,2025-02-07,21:32:18,-08:00,2025-02-07T21:32:18-08:00,0,49
projects/projects.js,78,js,df88a751,danielbirman28,2025-02-07,21:32:18,-08:00,2025-02-07T21:32:18-08:00,0,7
projects/projects.js,79,js,df88a751,danielbirman28,2025-02-07,21:32:18,-08:00,2025-02-07T21:32:18-08:00,0,26
projects/projects.js,80,js,df88a751,danielbirman28,2025-02-07,21:32:18,-08:00,2025-02-07T21:32:18-08:00,0,21
projects/projects.js,81,js,df88a751,danielbirman28,2025-02-07,21:32:18,-08:00,2025-02-07T21:32:18-08:00,0,20
projects/projects.js,82,js,df88a751,danielbirman28,2025-02-07,21:32:18,-08:00,2025-02-07T21:32:18-08:00,0,68
projects/projects.js,83,js,df88a751,danielbirman28,2025-02-07,21:32:18,-08:00,2025-02-07T21:32:18-08:00,0,0
projects/projects.js,84,js,df88a751,danielbirman28,2025-02-07,21:32:18,-08:00,2025-02-07T21:32:18-08:00,0,21
projects/projects.js,85,js,df88a751,danielbirman28,2025-02-07,21:32:18,-08:00,2025-02-07T21:32:18-08:00,0,90
projects/projects.js,86,js,df88a751,danielbirman28,2025-02-07,21:32:18,-08:00,2025-02-07T21:32:18-08:00,0,0
projects/projects.js,87,js,df88a751,danielbirman28,2025-02-07,21:32:18,-08:00,2025-02-07T21:32:18-08:00,0,40
projects/projects.js,88,js,df88a751,danielbirman28,2025-02-07,21:32:18,-08:00,2025-02-07T21:32:18-08:00,0,55
projects/projects.js,89,js,df88a751,danielbirman28,2025-02-07,21:32:18,-08:00,2025-02-07T21:32:18-08:00,0,80
projects/projects.js,90,js,df88a751,danielbirman28,2025-02-07,21:32:18,-08:00,2025-02-07T21:32:18-08:00,0,0
projects/projects.js,91,js,df88a751,danielbirman28,2025-02-07,21:32:18,-08:00,2025-02-07T21:32:18-08:00,0,26
projects/projects.js,92,js,df88a751,danielbirman28,2025-02-07,21:32:18,-08:00,2025-02-07T21:32:18-08:00,0,57
projects/projects.js,93,js,df88a751,danielbirman28,2025-02-07,21:32:18,-08:00,2025-02-07T21:32:18-08:00,0,0
projects/projects.js,94,js,df88a751,danielbirman28,2025-02-07,21:32:18,-08:00,2025-02-07T21:32:18-08:00,0,2
projects/projects.js,95,js,df88a751,danielbirman28,2025-02-07,21:32:18,-08:00,2025-02-07T21:32:18-08:00,0,2
projects/projects.js,96,js,df88a751,danielbirman28,2025-02-07,21:32:18,-08:00,2025-02-07T21:32:18-08:00,0,0
projects/projects.js,97,js,df88a751,danielbirman28,2025-02-07,21:32:18,-08:00,2025-02-07T21:32:18-08:00,0,0
projects/projects.js,98,js,df88a751,danielbirman28,2025-02-07,21:32:18,-08:00,2025-02-07T21:32:18-08:00,0,25
projects/projects.js,99,js,df88a751,danielbirman28,2025-02-07,21:32:18,-08:00,2025-02-07T21:32:18-08:00,0,33
projects/projects.js,100,js,df88a751,danielbirman28,2025-02-07,21:32:18,-08:00,2025-02-07T21:32:18-08:00,0,33
projects/projects.js,101,js,df88a751,danielbirman28,2025-02-07,21:32:18,-08:00,2025-02-07T21:32:18-08:00,0,24
projects/projects.js,102,js,df88a751,danielbirman28,2025-02-07,21:32:18,-08:00,2025-02-07T21:32:18-08:00,0,30
projects/projects.js,103,js,df88a751,danielbirman28,2025-02-07,21:32:18,-08:00,2025-02-07T21:32:18-08:00,0,20
projects/projects.js,104,js,df88a751,danielbirman28,2025-02-07,21:32:18,-08:00,2025-02-07T21:32:18-08:00,0,28
projects/projects.js,105,js,df88a751,danielbirman28,2025-02-07,21:32:18,-08:00,2025-02-07T21:32:18-08:00,0,31
projects/projects.js,106,js,df88a751,danielbirman28,2025-02-07,21:32:18,-08:00,2025-02-07T21:32:18-08:00,0,0
projects/projects.js,107,js,df88a751,danielbirman28,2025-02-07,21:32:18,-08:00,2025-02-07T21:32:18-08:00,0,22
projects/projects.js,108,js,df88a751,danielbirman28,2025-02-07,21:32:18,-08:00,2025-02-07T21:32:18-08:00,0,22
projects/projects.js,109,js,df88a751,danielbirman28,2025-02-07,21:32:18,-08:00,2025-02-07T21:32:18-08:00,0,23
projects/projects.js,110,js,df88a751,danielbirman28,2025-02-07,21:32:18,-08:00,2025-02-07T21:32:18-08:00,0,40
projects/projects.js,111,js,df88a751,danielbirman28,2025-02-07,21:32:18,-08:00,2025-02-07T21:32:18-08:00,0,29
projects/projects.js,112,js,df88a751,danielbirman28,2025-02-07,21:32:18,-08:00,2025-02-07T21:32:18-08:00,0,33
projects/projects.js,113,js,df88a751,danielbirman28,2025-02-07,21:32:18,-08:00,2025-02-07T21:32:18-08:00,0,0
projects/projects.js,114,js,df88a751,danielbirman28,2025-02-07,21:32:18,-08:00,2025-02-07T21:32:18-08:00,0,22
projects/projects.js,115,js,df88a751,danielbirman28,2025-02-07,21:32:18,-08:00,2025-02-07T21:32:18-08:00,0,42
projects/projects.js,116,js,df88a751,danielbirman28,2025-02-07,21:32:18,-08:00,2025-02-07T21:32:18-08:00,0,2
projects/projects.js,117,js,df88a751,danielbirman28,2025-02-07,21:32:18,-08:00,2025-02-07T21:32:18-08:00,0,0
projects/projects.js,118,js,df88a751,danielbirman28,2025-02-07,21:32:18,-08:00,2025-02-07T21:32:18-08:00,0,0
projects/projects.js,119,js,df88a751,danielbirman28,2025-02-07,21:32:18,-08:00,2025-02-07T21:32:18-08:00,0,58
projects/projects.js,120,js,df88a751,danielbirman28,2025-02-07,21:32:18,-08:00,2025-02-07T21:32:18-08:00,0,24
projects/index.html,1,html,d84b11a8,danielbirman28,2025-01-09,18:21:17,-08:00,2025-01-09T18:21:17-08:00,0,14
projects/index.html,2,html,d84b11a8,danielbirman28,2025-01-09,18:21:17,-08:00,2025-01-09T18:21:17-08:00,0,15
projects/index.html,3,html,d84b11a8,danielbirman28,2025-01-09,18:21:17,-08:00,2025-01-09T18:21:17-08:00,0,5
projects/index.html,4,html,d84b11a8,danielbirman28,2025-01-09,18:21:17,-08:00,2025-01-09T18:21:17-08:00,0,21
projects/index.html,5,html,d84b11a8,danielbirman28,2025-01-09,18:21:17,-08:00,2025-01-09T18:21:17-08:00,0,69
projects/index.html,6,html,c9103711,danielbirman28,2025-01-09,18:35:39,-08:00,2025-01-09T18:35:39-08:00,0,37
projects/index.html,7,html,c9103711,danielbirman28,2025-01-09,18:35:39,-08:00,2025-01-09T18:35:39-08:00,0,42
projects/index.html,8,html,562f8e3a,danielbirman28,2025-01-23,20:31:37,-08:00,2025-01-23T20:31:37-08:00,0,49
projects/index.html,9,html,3be1b488,danielbirman28,2025-01-30,15:15:31,-08:00,2025-01-30T15:15:31-08:00,0,48
projects/index.html,10,html,d84b11a8,danielbirman28,2025-01-09,18:21:17,-08:00,2025-01-09T18:21:17-08:00,0,6
projects/index.html,11,html,d84b11a8,danielbirman28,2025-01-09,18:21:17,-08:00,2025-01-09T18:21:17-08:00,0,5
projects/index.html,12,html,df88a751,danielbirman28,2025-02-07,21:32:18,-08:00,2025-02-07T21:32:18-08:00,0,64
projects/index.html,13,html,df88a751,danielbirman28,2025-02-07,21:32:18,-08:00,2025-02-07T21:32:18-08:00,0,27
projects/index.html,14,html,df88a751,danielbirman28,2025-02-07,21:32:18,-08:00,2025-02-07T21:32:18-08:00,0,0
projects/index.html,15,html,df88a751,danielbirman28,2025-02-07,21:32:18,-08:00,2025-02-07T21:32:18-08:00,0,22
projects/index.html,16,html,df88a751,danielbirman28,2025-02-07,21:32:18,-08:00,2025-02-07T21:32:18-08:00,0,59
projects/index.html,17,html,df88a751,danielbirman28,2025-02-07,21:32:18,-08:00,2025-02-07T21:32:18-08:00,0,23
projects/index.html,18,html,df88a751,danielbirman28,2025-02-07,21:32:18,-08:00,2025-02-07T21:32:18-08:00,0,5
projects/index.html,19,html,df88a751,danielbirman28,2025-02-07,21:32:18,-08:00,2025-02-07T21:32:18-08:00,0,0
projects/index.html,20,html,df88a751,danielbirman28,2025-02-07,21:32:18,-08:00,2025-02-07T21:32:18-08:00,0,5
projects/index.html,21,html,df88a751,danielbirman28,2025-02-07,21:32:18,-08:00,2025-02-07T21:32:18-08:00,0,16
projects/index.html,22,html,df88a751,danielbirman28,2025-02-07,21:32:18,-08:00,2025-02-07T21:32:18-08:00,0,12
projects/index.html,23,html,df88a751,danielbirman28,2025-02-07,21:32:18,-08:00,2025-02-07T21:32:18-08:00,0,27
projects/index.html,24,html,df88a751,danielbirman28,2025-02-07,21:32:18,-08:00,2025-02-07T21:32:18-08:00,0,32
projects/index.html,25,html,df88a751,danielbirman28,2025-02-07,21:32:18,-08:00,2025-02-07T21:32:18-08:00,0,1
projects/index.html,26,html,ed3500de,danielbirman28,2025-01-17,17:10:18,-08:00,2025-01-17T17:10:18-08:00,0,0
projects/index.html,27,html,f85c2afe,danielbirman28,2025-01-30,15:27:26,-08:00,2025-01-30T15:27:26-08:00,0,41
projects/index.html,28,html,f85c2afe,danielbirman28,2025-01-30,15:27:26,-08:00,2025-01-30T15:27:26-08:00,0,33
projects/index.html,29,html,8f550eac,danielbirman28,2025-01-30,15:41:41,-08:00,2025-01-30T15:41:41-08:00,0,108
projects/index.html,30,html,df88a751,danielbirman28,2025-02-07,21:32:18,-08:00,2025-02-07T21:32:18-08:00,0,27
projects/index.html,31,html,d84b11a8,danielbirman28,2025-01-09,18:21:17,-08:00,2025-01-09T18:21:17-08:00,0,6
projects/index.html,32,html,c9103711,danielbirman28,2025-01-09,18:35:39,-08:00,2025-01-09T18:35:39-08:00,0,6
cv/index.html,1,html,fcc31c5d,danielbirman28,2025-01-09,18:47:28,-08:00,2025-01-09T18:47:28-08:00,0,14
cv/index.html,2,html,fcc31c5d,danielbirman28,2025-01-09,18:47:28,-08:00,2025-01-09T18:47:28-08:00,0,15
cv/index.html,3,html,fcc31c5d,danielbirman28,2025-01-09,18:47:28,-08:00,2025-01-09T18:47:28-08:00,0,5
cv/index.html,4,html,fcc31c5d,danielbirman28,2025-01-09,18:47:28,-08:00,2025-01-09T18:47:28-08:00,0,21
cv/index.html,5,html,fcc31c5d,danielbirman28,2025-01-09,18:47:28,-08:00,2025-01-09T18:47:28-08:00,0,69
cv/index.html,6,html,fcc31c5d,danielbirman28,2025-01-09,18:47:28,-08:00,2025-01-09T18:47:28-08:00,0,38
cv/index.html,7,html,fcc31c5d,danielbirman28,2025-01-09,18:47:28,-08:00,2025-01-09T18:47:28-08:00,0,42
cv/index.html,8,html,562f8e3a,danielbirman28,2025-01-23,20:31:37,-08:00,2025-01-23T20:31:37-08:00,0,49
cv/index.html,9,html,fcc31c5d,danielbirman28,2025-01-09,18:47:28,-08:00,2025-01-09T18:47:28-08:00,0,6
cv/index.html,10,html,fcc31c5d,danielbirman28,2025-01-09,18:47:28,-08:00,2025-01-09T18:47:28-08:00,0,5
cv/index.html,11,html,fcc31c5d,danielbirman28,2025-01-09,18:47:28,-08:00,2025-01-09T18:47:28-08:00,0,0
cv/index.html,12,html,fcc31c5d,danielbirman28,2025-01-09,18:47:28,-08:00,2025-01-09T18:47:28-08:00,0,23
cv/index.html,13,html,696d5125,danielbirman28,2025-01-24,21:43:52,-08:00,2025-01-24T21:43:52-08:00,0,9
cv/index.html,14,html,fcc31c5d,danielbirman28,2025-01-09,18:47:28,-08:00,2025-01-09T18:47:28-08:00,0,3
cv/index.html,15,html,fcc31c5d,danielbirman28,2025-01-09,18:47:28,-08:00,2025-01-09T18:47:28-08:00,0,40
cv/index.html,16,html,fcc31c5d,danielbirman28,2025-01-09,18:47:28,-08:00,2025-01-09T18:47:28-08:00,0,53
cv/index.html,17,html,fcc31c5d,danielbirman28,2025-01-09,18:47:28,-08:00,2025-01-09T18:47:28-08:00,0,51
cv/index.html,18,html,562f8e3a,danielbirman28,2025-01-23,20:31:37,-08:00,2025-01-23T20:31:37-08:00,0,40
cv/index.html,19,html,fcc31c5d,danielbirman28,2025-01-09,18:47:28,-08:00,2025-01-09T18:47:28-08:00,0,78
cv/index.html,20,html,fcc31c5d,danielbirman28,2025-01-09,18:47:28,-08:00,2025-01-09T18:47:28-08:00,0,4
cv/index.html,21,html,696d5125,danielbirman28,2025-01-24,21:43:52,-08:00,2025-01-24T21:43:52-08:00,0,9
cv/index.html,22,html,fcc31c5d,danielbirman28,2025-01-09,18:47:28,-08:00,2025-01-09T18:47:28-08:00,0,0
cv/index.html,23,html,fcc31c5d,danielbirman28,2025-01-09,18:47:28,-08:00,2025-01-09T18:47:28-08:00,0,7
cv/index.html,24,html,fcc31c5d,danielbirman28,2025-01-09,18:47:28,-08:00,2025-01-09T18:47:28-08:00,0,21
cv/index.html,25,html,e0d99e23,danielbirman28,2025-01-09,19:02:06,-08:00,2025-01-09T19:02:06-08:00,0,317
cv/index.html,26,html,fcc31c5d,danielbirman28,2025-01-09,18:47:28,-08:00,2025-01-09T18:47:28-08:00,0,8
cv/index.html,27,html,fcc31c5d,danielbirman28,2025-01-09,18:47:28,-08:00,2025-01-09T18:47:28-08:00,0,0
cv/index.html,28,html,fcc31c5d,danielbirman28,2025-01-09,18:47:28,-08:00,2025-01-09T18:47:28-08:00,0,8
cv/index.html,29,html,fcc31c5d,danielbirman28,2025-01-09,18:47:28,-08:00,2025-01-09T18:47:28-08:00,0,7
cv/index.html,30,html,fcc31c5d,danielbirman28,2025-01-09,18:47:28,-08:00,2025-01-09T18:47:28-08:00,0,17
cv/index.html,31,html,fcc31c5d,danielbirman28,2025-01-09,18:47:28,-08:00,2025-01-09T18:47:28-08:00,0,8
cv/index.html,32,html,fcc31c5d,danielbirman28,2025-01-09,18:47:28,-08:00,2025-01-09T18:47:28-08:00,0,8
cv/index.html,33,html,fcc31c5d,danielbirman28,2025-01-09,18:47:28,-08:00,2025-01-09T18:47:28-08:00,0,43
cv/index.html,34,html,fcc31c5d,danielbirman28,2025-01-09,18:47:28,-08:00,2025-01-09T18:47:28-08:00,0,69
cv/index.html,35,html,e2dd3cf1,danielbirman28,2025-01-09,18:56:12,-08:00,2025-01-09T18:56:12-08:00,0,27
cv/index.html,36,html,fcc31c5d,danielbirman28,2025-01-09,18:47:28,-08:00,2025-01-09T18:47:28-08:00,0,407
cv/index.html,37,html,fcc31c5d,danielbirman28,2025-01-09,18:47:28,-08:00,2025-01-09T18:47:28-08:00,0,9
cv/index.html,38,html,fcc31c5d,danielbirman28,2025-01-09,18:47:28,-08:00,2025-01-09T18:47:28-08:00,0,9
cv/index.html,39,html,fcc31c5d,danielbirman28,2025-01-09,18:47:28,-08:00,2025-01-09T18:47:28-08:00,0,0
cv/index.html,40,html,fcc31c5d,danielbirman28,2025-01-09,18:47:28,-08:00,2025-01-09T18:47:28-08:00,0,8
cv/index.html,41,html,fcc31c5d,danielbirman28,2025-01-09,18:47:28,-08:00,2025-01-09T18:47:28-08:00,0,7
cv/index.html,42,html,fcc31c5d,danielbirman28,2025-01-09,18:47:28,-08:00,2025-01-09T18:47:28-08:00,0,18
cv/index.html,43,html,fcc31c5d,danielbirman28,2025-01-09,18:47:28,-08:00,2025-01-09T18:47:28-08:00,0,8
cv/index.html,44,html,fcc31c5d,danielbirman28,2025-01-09,18:47:28,-08:00,2025-01-09T18:47:28-08:00,0,0
cv/index.html,45,html,fcc31c5d,danielbirman28,2025-01-09,18:47:28,-08:00,2025-01-09T18:47:28-08:00,0,8
cv/index.html,46,html,fcc31c5d,danielbirman28,2025-01-09,18:47:28,-08:00,2025-01-09T18:47:28-08:00,0,16
cv/index.html,47,html,fcc31c5d,danielbirman28,2025-01-09,18:47:28,-08:00,2025-01-09T18:47:28-08:00,0,94
cv/index.html,48,html,fcc31c5d,danielbirman28,2025-01-09,18:47:28,-08:00,2025-01-09T18:47:28-08:00,0,54
cv/index.html,49,html,fcc31c5d,danielbirman28,2025-01-09,18:47:28,-08:00,2025-01-09T18:47:28-08:00,0,90
cv/index.html,50,html,fcc31c5d,danielbirman28,2025-01-09,18:47:28,-08:00,2025-01-09T18:47:28-08:00,0,3
cv/index.html,51,html,fcc31c5d,danielbirman28,2025-01-09,18:47:28,-08:00,2025-01-09T18:47:28-08:00,0,141
cv/index.html,52,html,fcc31c5d,danielbirman28,2025-01-09,18:47:28,-08:00,2025-01-09T18:47:28-08:00,0,93
cv/index.html,53,html,fcc31c5d,danielbirman28,2025-01-09,18:47:28,-08:00,2025-01-09T18:47:28-08:00,0,134
cv/index.html,54,html,fcc31c5d,danielbirman28,2025-01-09,18:47:28,-08:00,2025-01-09T18:47:28-08:00,0,138
cv/index.html,55,html,fcc31c5d,danielbirman28,2025-01-09,18:47:28,-08:00,2025-01-09T18:47:28-08:00,0,4
cv/index.html,56,html,fcc31c5d,danielbirman28,2025-01-09,18:47:28,-08:00,2025-01-09T18:47:28-08:00,0,9
cv/index.html,57,html,fcc31c5d,danielbirman28,2025-01-09,18:47:28,-08:00,2025-01-09T18:47:28-08:00,0,0
cv/index.html,58,html,fcc31c5d,danielbirman28,2025-01-09,18:47:28,-08:00,2025-01-09T18:47:28-08:00,0,8
cv/index.html,59,html,fcc31c5d,danielbirman28,2025-01-09,18:47:28,-08:00,2025-01-09T18:47:28-08:00,0,56
cv/index.html,60,html,fcc31c5d,danielbirman28,2025-01-09,18:47:28,-08:00,2025-01-09T18:47:28-08:00,0,49
cv/index.html,61,html,fcc31c5d,danielbirman28,2025-01-09,18:47:28,-08:00,2025-01-09T18:47:28-08:00,0,73
cv/index.html,62,html,fcc31c5d,danielbirman28,2025-01-09,18:47:28,-08:00,2025-01-09T18:47:28-08:00,0,109
cv/index.html,63,html,fcc31c5d,danielbirman28,2025-01-09,18:47:28,-08:00,2025-01-09T18:47:28-08:00,0,3
cv/index.html,64,html,fcc31c5d,danielbirman28,2025-01-09,18:47:28,-08:00,2025-01-09T18:47:28-08:00,0,143
cv/index.html,65,html,fcc31c5d,danielbirman28,2025-01-09,18:47:28,-08:00,2025-01-09T18:47:28-08:00,0,163
cv/index.html,66,html,fcc31c5d,danielbirman28,2025-01-09,18:47:28,-08:00,2025-01-09T18:47:28-08:00,0,113
cv/index.html,67,html,fcc31c5d,danielbirman28,2025-01-09,18:47:28,-08:00,2025-01-09T18:47:28-08:00,0,117
cv/index.html,68,html,fcc31c5d,danielbirman28,2025-01-09,18:47:28,-08:00,2025-01-09T18:47:28-08:00,0,4
cv/index.html,69,html,fcc31c5d,danielbirman28,2025-01-09,18:47:28,-08:00,2025-01-09T18:47:28-08:00,0,9
cv/index.html,70,html,fcc31c5d,danielbirman28,2025-01-09,18:47:28,-08:00,2025-01-09T18:47:28-08:00,0,9
cv/index.html,71,html,fcc31c5d,danielbirman28,2025-01-09,18:47:28,-08:00,2025-01-09T18:47:28-08:00,0,0
cv/index.html,72,html,fcc31c5d,danielbirman28,2025-01-09,18:47:28,-08:00,2025-01-09T18:47:28-08:00,0,8
cv/index.html,73,html,fcc31c5d,danielbirman28,2025-01-09,18:47:28,-08:00,2025-01-09T18:47:28-08:00,0,7
cv/index.html,74,html,fcc31c5d,danielbirman28,2025-01-09,18:47:28,-08:00,2025-01-09T18:47:28-08:00,0,16
cv/index.html,75,html,fcc31c5d,danielbirman28,2025-01-09,18:47:28,-08:00,2025-01-09T18:47:28-08:00,0,8
cv/index.html,76,html,fcc31c5d,danielbirman28,2025-01-09,18:47:28,-08:00,2025-01-09T18:47:28-08:00,0,0
cv/index.html,77,html,fcc31c5d,danielbirman28,2025-01-09,18:47:28,-08:00,2025-01-09T18:47:28-08:00,0,8
cv/index.html,78,html,fcc31c5d,danielbirman28,2025-01-09,18:47:28,-08:00,2025-01-09T18:47:28-08:00,0,81
cv/index.html,79,html,fcc31c5d,danielbirman28,2025-01-09,18:47:28,-08:00,2025-01-09T18:47:28-08:00,0,90
cv/index.html,80,html,fcc31c5d,danielbirman28,2025-01-09,18:47:28,-08:00,2025-01-09T18:47:28-08:00,0,88
cv/index.html,81,html,fcc31c5d,danielbirman28,2025-01-09,18:47:28,-08:00,2025-01-09T18:47:28-08:00,0,3
cv/index.html,82,html,fcc31c5d,danielbirman28,2025-01-09,18:47:28,-08:00,2025-01-09T18:47:28-08:00,0,124
cv/index.html,83,html,fcc31c5d,danielbirman28,2025-01-09,18:47:28,-08:00,2025-01-09T18:47:28-08:00,0,129
cv/index.html,84,html,fcc31c5d,danielbirman28,2025-01-09,18:47:28,-08:00,2025-01-09T18:47:28-08:00,0,124
cv/index.html,85,html,fcc31c5d,danielbirman28,2025-01-09,18:47:28,-08:00,2025-01-09T18:47:28-08:00,0,4
cv/index.html,86,html,fcc31c5d,danielbirman28,2025-01-09,18:47:28,-08:00,2025-01-09T18:47:28-08:00,0,9
cv/index.html,87,html,fcc31c5d,danielbirman28,2025-01-09,18:47:28,-08:00,2025-01-09T18:47:28-08:00,0,9
cv/index.html,88,html,fcc31c5d,danielbirman28,2025-01-09,18:47:28,-08:00,2025-01-09T18:47:28-08:00,0,0
cv/index.html,89,html,fcc31c5d,danielbirman28,2025-01-09,18:47:28,-08:00,2025-01-09T18:47:28-08:00,0,8
cv/index.html,90,html,fcc31c5d,danielbirman28,2025-01-09,18:47:28,-08:00,2025-01-09T18:47:28-08:00,0,7
cv/index.html,91,html,fcc31c5d,danielbirman28,2025-01-09,18:47:28,-08:00,2025-01-09T18:47:28-08:00,0,14
cv/index.html,92,html,fcc31c5d,danielbirman28,2025-01-09,18:47:28,-08:00,2025-01-09T18:47:28-08:00,0,8
cv/index.html,93,html,fcc31c5d,danielbirman28,2025-01-09,18:47:28,-08:00,2025-01-09T18:47:28-08:00,0,3
cv/index.html,94,html,fcc31c5d,danielbirman28,2025-01-09,18:47:28,-08:00,2025-01-09T18:47:28-08:00,0,110
cv/index.html,95,html,fcc31c5d,danielbirman28,2025-01-09,18:47:28,-08:00,2025-01-09T18:47:28-08:00,0,51
cv/index.html,96,html,fcc31c5d,danielbirman28,2025-01-09,18:47:28,-08:00,2025-01-09T18:47:28-08:00,0,111
cv/index.html,97,html,fcc31c5d,danielbirman28,2025-01-09,18:47:28,-08:00,2025-01-09T18:47:28-08:00,0,162
cv/index.html,98,html,fcc31c5d,danielbirman28,2025-01-09,18:47:28,-08:00,2025-01-09T18:47:28-08:00,0,4
cv/index.html,99,html,fcc31c5d,danielbirman28,2025-01-09,18:47:28,-08:00,2025-01-09T18:47:28-08:00,0,9
cv/index.html,100,html,fcc31c5d,danielbirman28,2025-01-09,18:47:28,-08:00,2025-01-09T18:47:28-08:00,0,0
cv/index.html,101,html,fcc31c5d,danielbirman28,2025-01-09,18:47:28,-08:00,2025-01-09T18:47:28-08:00,0,8
cv/index.html,102,html,fcc31c5d,danielbirman28,2025-01-09,18:47:28,-08:00,2025-01-09T18:47:28-08:00,0,7
cv/index.html,103,html,fcc31c5d,danielbirman28,2025-01-09,18:47:28,-08:00,2025-01-09T18:47:28-08:00,0,29
cv/index.html,104,html,fcc31c5d,danielbirman28,2025-01-09,18:47:28,-08:00,2025-01-09T18:47:28-08:00,0,8
cv/index.html,105,html,fcc31c5d,danielbirman28,2025-01-09,18:47:28,-08:00,2025-01-09T18:47:28-08:00,0,0
cv/index.html,106,html,fcc31c5d,danielbirman28,2025-01-09,18:47:28,-08:00,2025-01-09T18:47:28-08:00,0,8
cv/index.html,107,html,fcc31c5d,danielbirman28,2025-01-09,18:47:28,-08:00,2025-01-09T18:47:28-08:00,0,48
cv/index.html,108,html,fcc31c5d,danielbirman28,2025-01-09,18:47:28,-08:00,2025-01-09T18:47:28-08:00,0,96
cv/index.html,109,html,fcc31c5d,danielbirman28,2025-01-09,18:47:28,-08:00,2025-01-09T18:47:28-08:00,0,60
cv/index.html,110,html,fcc31c5d,danielbirman28,2025-01-09,18:47:28,-08:00,2025-01-09T18:47:28-08:00,0,3
cv/index.html,111,html,fcc31c5d,danielbirman28,2025-01-09,18:47:28,-08:00,2025-01-09T18:47:28-08:00,0,123
cv/index.html,112,html,fcc31c5d,danielbirman28,2025-01-09,18:47:28,-08:00,2025-01-09T18:47:28-08:00,0,68
cv/index.html,113,html,fcc31c5d,danielbirman28,2025-01-09,18:47:28,-08:00,2025-01-09T18:47:28-08:00,0,79
cv/index.html,114,html,fcc31c5d,danielbirman28,2025-01-09,18:47:28,-08:00,2025-01-09T18:47:28-08:00,0,95
cv/index.html,115,html,fcc31c5d,danielbirman28,2025-01-09,18:47:28,-08:00,2025-01-09T18:47:28-08:00,0,4
cv/index.html,116,html,fcc31c5d,danielbirman28,2025-01-09,18:47:28,-08:00,2025-01-09T18:47:28-08:00,0,9
cv/index.html,117,html,fcc31c5d,danielbirman28,2025-01-09,18:47:28,-08:00,2025-01-09T18:47:28-08:00,0,9
cv/index.html,118,html,fcc31c5d,danielbirman28,2025-01-09,18:47:28,-08:00,2025-01-09T18:47:28-08:00,0,0
cv/index.html,119,html,fcc31c5d,danielbirman28,2025-01-09,18:47:28,-08:00,2025-01-09T18:47:28-08:00,0,7
cv/index.html,120,html,fcc31c5d,danielbirman28,2025-01-09,18:47:28,-08:00,2025-01-09T18:47:28-08:00,0,26
cv/index.html,121,html,fcc31c5d,danielbirman28,2025-01-09,18:47:28,-08:00,2025-01-09T18:47:28-08:00,0,8
cv/index.html,122,html,fcc31c5d,danielbirman28,2025-01-09,18:47:28,-08:00,2025-01-09T18:47:28-08:00,0,0
cv/index.html,123,html,fcc31c5d,danielbirman28,2025-01-09,18:47:28,-08:00,2025-01-09T18:47:28-08:00,0,6
cv/index.html,124,html,fcc31c5d,danielbirman28,2025-01-09,18:47:28,-08:00,2025-01-09T18:47:28-08:00,0,6
contact/index.html,1,html,d84b11a8,danielbirman28,2025-01-09,18:21:17,-08:00,2025-01-09T18:21:17-08:00,0,14
contact/index.html,2,html,d84b11a8,danielbirman28,2025-01-09,18:21:17,-08:00,2025-01-09T18:21:17-08:00,0,15
contact/index.html,3,html,d84b11a8,danielbirman28,2025-01-09,18:21:17,-08:00,2025-01-09T18:21:17-08:00,0,5
contact/index.html,4,html,d84b11a8,danielbirman28,2025-01-09,18:21:17,-08:00,2025-01-09T18:21:17-08:00,0,21
contact/index.html,5,html,d84b11a8,danielbirman28,2025-01-09,18:21:17,-08:00,2025-01-09T18:21:17-08:00,0,69
contact/index.html,6,html,14aa8176,danielbirman28,2025-01-09,18:39:29,-08:00,2025-01-09T18:39:29-08:00,0,21
contact/index.html,7,html,a6ca7993,danielbirman28,2025-01-15,16:27:27,-08:00,2025-01-15T16:27:27-08:00,0,42
contact/index.html,8,html,562f8e3a,danielbirman28,2025-01-23,20:31:37,-08:00,2025-01-23T20:31:37-08:00,0,49
contact/index.html,9,html,d84b11a8,danielbirman28,2025-01-09,18:21:17,-08:00,2025-01-09T18:21:17-08:00,0,6
contact/index.html,10,html,d84b11a8,danielbirman28,2025-01-09,18:21:17,-08:00,2025-01-09T18:21:17-08:00,0,5
contact/index.html,11,html,e48c2f56,danielbirman28,2025-01-23,20:47:58,-08:00,2025-01-23T20:47:58-08:00,0,23
contact/index.html,12,html,696d5125,danielbirman28,2025-01-24,21:43:52,-08:00,2025-01-24T21:43:52-08:00,0,9
contact/index.html,13,html,c8ba6132,danielbirman28,2025-01-09,18:32:58,-08:00,2025-01-09T18:32:58-08:00,0,3
contact/index.html,14,html,c9103711,danielbirman28,2025-01-09,18:35:39,-08:00,2025-01-09T18:35:39-08:00,0,40
contact/index.html,15,html,c9103711,danielbirman28,2025-01-09,18:35:39,-08:00,2025-01-09T18:35:39-08:00,0,53
contact/index.html,16,html,562f8e3a,danielbirman28,2025-01-23,20:31:37,-08:00,2025-01-23T20:31:37-08:00,0,40
contact/index.html,17,html,912e4447,danielbirman28,2025-01-09,18:49:38,-08:00,2025-01-09T18:49:38-08:00,0,45
contact/index.html,18,html,14aa8176,danielbirman28,2025-01-09,18:39:29,-08:00,2025-01-09T18:39:29-08:00,0,78
contact/index.html,19,html,c8ba6132,danielbirman28,2025-01-09,18:32:58,-08:00,2025-01-09T18:32:58-08:00,0,4
contact/index.html,20,html,696d5125,danielbirman28,2025-01-24,21:43:52,-08:00,2025-01-24T21:43:52-08:00,0,9
contact/index.html,21,html,14aa8176,danielbirman28,2025-01-09,18:39:29,-08:00,2025-01-09T18:39:29-08:00,0,0
contact/index.html,22,html,ed3500de,danielbirman28,2025-01-17,17:10:18,-08:00,2025-01-17T17:10:18-08:00,0,15
contact/index.html,23,html,14aa8176,danielbirman28,2025-01-09,18:39:29,-08:00,2025-01-09T18:39:29-08:00,0,73
contact/index.html,24,html,14aa8176,danielbirman28,2025-01-09,18:39:29,-08:00,2025-01-09T18:39:29-08:00,0,6
contact/index.html,25,html,14aa8176,danielbirman28,2025-01-09,18:39:29,-08:00,2025-01-09T18:39:29-08:00,0,5
contact/index.html,26,html,14aa8176,danielbirman28,2025-01-09,18:39:29,-08:00,2025-01-09T18:39:29-08:00,0,32
contact/index.html,27,html,14aa8176,danielbirman28,2025-01-09,18:39:29,-08:00,2025-01-09T18:39:29-08:00,0,7
contact/index.html,28,html,14aa8176,danielbirman28,2025-01-09,18:39:29,-08:00,2025-01-09T18:39:29-08:00,0,3
contact/index.html,29,html,14aa8176,danielbirman28,2025-01-09,18:39:29,-08:00,2025-01-09T18:39:29-08:00,0,6
contact/index.html,30,html,14aa8176,danielbirman28,2025-01-09,18:39:29,-08:00,2025-01-09T18:39:29-08:00,0,7
contact/index.html,31,html,14aa8176,danielbirman28,2025-01-09,18:39:29,-08:00,2025-01-09T18:39:29-08:00,0,33
contact/index.html,32,html,14aa8176,danielbirman28,2025-01-09,18:39:29,-08:00,2025-01-09T18:39:29-08:00,0,7
contact/index.html,33,html,14aa8176,danielbirman28,2025-01-09,18:39:29,-08:00,2025-01-09T18:39:29-08:00,0,3
contact/index.html,34,html,14aa8176,danielbirman28,2025-01-09,18:39:29,-08:00,2025-01-09T18:39:29-08:00,0,6
contact/index.html,35,html,14aa8176,danielbirman28,2025-01-09,18:39:29,-08:00,2025-01-09T18:39:29-08:00,0,4
contact/index.html,36,html,14aa8176,danielbirman28,2025-01-09,18:39:29,-08:00,2025-01-09T18:39:29-08:00,0,32
contact/index.html,37,html,14aa8176,danielbirman28,2025-01-09,18:39:29,-08:00,2025-01-09T18:39:29-08:00,0,7
contact/index.html,38,html,14aa8176,danielbirman28,2025-01-09,18:39:29,-08:00,2025-01-09T18:39:29-08:00,0,3
contact/index.html,39,html,14aa8176,danielbirman28,2025-01-09,18:39:29,-08:00,2025-01-09T18:39:29-08:00,0,22
contact/index.html,40,html,14aa8176,danielbirman28,2025-01-09,18:39:29,-08:00,2025-01-09T18:39:29-08:00,0,6
contact/index.html,41,html,d84b11a8,danielbirman28,2025-01-09,18:21:17,-08:00,2025-01-09T18:21:17-08:00,0,6
contact/index.html,42,html,14aa8176,danielbirman28,2025-01-09,18:39:29,-08:00,2025-01-09T18:39:29-08:00,0,6
